JPScaleCtry,Ctry,PercentBuddhism,PercentChristianity,PercentEthnicReligions,PercentEvangelical,PercentHinduism,PercentIslam,PercentNonReligious,PercentOtherSmall,PercentUnknown,ReligionPrimary,RLG3Primary,ROG2,ROG3,ROL3OfficialLanguage,RegionCode,ISO3,ISO2,RegionName,Capital,Population,SecurityLevel,CntPeoples,CntPeoplesLR,CntPrimaryLanguages,TranslationUnspecified,TranslationNeeded,TranslationStarted,BiblePortions,BibleNewTestament,BibleComplete,PoplPeoplesLR,PoplPeoplesFPG,Window1040,JPScaleText,JPScaleImageURL
"1","Bangladesh","0.64381681962042103","0.416581370532152","0.086760294518449604",,"8.4341750173497392","90.374542576241794","0.00095063595679175999","0.0098024523617195707","0.033370833418934299","Islam","6","ASI","BG","ben","4","BGD","BD","Asia, South","Dhaka","174701000","2","299","279","43","0","0","5","8","11","19","172117000","163463000","Y","Unreached","https://joshuaproject.net/images/scale1.jpg"
"1","Bhutan","87.965549574677198","0.24996441302133099","0.021567373571575701",,"8.7138495728433192","1.4480174479794099","0","0.69582137805635902","0.90523023985078799","Buddhism","2","ASI","BT","dzo","4","BTN","BT","Asia, South","Thimphu","792000","2","58","57","36","15","1","2","1","7","10","787000","601000","Y","Unreached","https://joshuaproject.net/images/scale1.jpg"
"5","British Indian Ocean Territory","0","79.559369438087998","0","33.830409356725099","0","0","18.982964658021899","0.94914823290109296","0.50851767098906697","Christianity","1","ASI","IO","eng","4","IOT","IO","Asia, South","None","4000","0","2",,"2","0","0","0","0","0","2",,,"N","Significantly Reached","https://joshuaproject.net/images/scale5.jpg"
"4","China","12.735161930647401","9.2330532581855902","31.532423623519801","7.55915174811767","0","2.0034680643184601","44.493863388672999","0.0020078697167353701","2.18649390878626E-05","Non-Religious","7","ASI","CH","cmn","3","CHN","CN","Asia, Northeast","Beijing","1425179000","2","545","441","309","72","113","0","47","31","46","140505000","47985000","Y","Partially Reached","https://joshuaproject.net/images/scale4.jpg"
"1","India","0.69940204466313105","2.2176620810708298","0.36498818153680002",,"80.047750250508997","13.949915771068","0.0036162332415204698","2.2063177677614201","0.51034767014925098","Hinduism","5","ASI","IN","hin","4","IND","IN","Asia, South","New Delhi","1441720000","2","2272","2041","212","8","0","16","22","85","81","1368197000","1051878000","Y","Unreached","https://joshuaproject.net/images/scale1.jpg"
"2","Kazakhstan","0.24024017201374501","14.986512590691101","0.139291566695465","1.67491536062669","0.00535716846037315","52.177081868935197","32.409856801222702","0.038972611650252197","0.0026872203311887402","Islam","6","ASI","KZ","kaz","5","KAZ","KZ","Asia, Central","Astana","19828000","2","72","36","60","4","0","0","6","12","38","14896000","1281000","Y","Minimally Reached","https://joshuaproject.net/images/scale2.jpg"
"1","Kyrgyzstan","0.21876113363497199","3.7360216968281001","0.0018877093848649301","0.30400368135897499","0","93.723757717376998","0.078114696858067101","0.000226525126183791","2.2412305207908201","Islam","6","ASI","KG","kir","5","KGZ","KG","Asia, Central","Bishkek","6840000","2","39","28","34","2","0","0","4","4","24","6335000","5250000","Y","Unreached","https://joshuaproject.net/images/scale1.jpg"
"4","Myanmar (Burma)","77.696998403276396","8.3446125652433096","6.7841770320359096","4.9327768772400802","1.55136159981986","4.9542716780494702","0.566394102170235","0.101387952509604","0.00079666689531836395","Buddhism","2","ASI","BM","mya","2","MMR","MM","Asia, Southeast","Naypyidaw","54965000","2","149","52","138","9","0","27","17","21","64","45624000","4364000","Y","Partially Reached","https://joshuaproject.net/images/scale4.jpg"
"1","Nepal","8.97409956991822","1.4270861211230099","0.0027230575631080598",,"81.668329858350205","4.2139212963056796","0.0056375823907729699","3.5601375819669201","0.14806493238207","Hinduism","5","ASI","NP","npi","4","NPL","NP","Asia, South","Kathmandu","31240000","1","227","218","55","12","0","0","3","25","15","27715000","9732000","Y","Unreached","https://joshuaproject.net/images/scale1.jpg"
"2","Sri Lanka","69.408611067262001","7.6172579501795603","0",,"12.4005163152008","10.558634659342699","0.0010067922207699499","0.00040271688830798198","0.0135704989058243","Buddhism","2","ASI","CE","sin","4","LKA","LK","Asia, South","Colombo","21949000","1","149","64","19","1","0","1","2","3","12","3391000","2636000","Y","Minimally Reached","https://joshuaproject.net/images/scale2.jpg"
"1","Thailand","88.055341821481804","1.9608627753668799","3.02739960003202","1.0193075018829101","0.094762439378476407","4.4582284994923898","2.14298326561762","0.25927676540219602","0.00114483322857683","Buddhism","2","ASI","TH","tha","2","THA","TH","Asia, Southeast","Bangkok","71886000","0","114","74","92","6","6","10","14","19","37","61658000","3379000","Y","Unreached","https://joshuaproject.net/images/scale1.jpg"
"1","Turkmenistan","0.047118537446961199","3.8525051154087699","0.0090774389869158305","0.111943513868987","0.0091430464404906493","94.048494770131001","1.94317048663985","0.083524167379599501","0.0069664375664567103","Islam","6","ASI","TX","tuk","5","TKM","TM","Asia, Central","Ashgabat","6598000","2","49","30","48","2","0","0","4","8","34","6234000","5390000","Y","Unreached","https://joshuaproject.net/images/scale1.jpg"
"5","Argentina","0.12029313925709199","93.115277228594493","1.0695969160714001","11.0218213260827","0.015837405554249399","1.7537372327712499","2.6494399469138199","1.2757453900429401","7.2740794751440397E-05","Christianity","1","LAM","AR","spa","11","ARG","AR","America, Latin","Buenos Aires","46058000","0","85","2","50","0","0","0","4","9","37","178000","800","N","Significantly Reached","https://joshuaproject.net/images/scale5.jpg"
"3","Austria","0.191385699491992","67.669557838840703","0.30964616325605498","0.56621426442808698","0.14225012139209001","4.3080075522493804","27.357181451244902","0.021481792752084099","0.00048938077284511796","Christianity","1","EUR","AU","deu","10","AUT","AT","Europe, Western","Vienna","8977000","0","47","9","43","1","2","0","1","3","36","359000","69000","N","Superficially Reached","https://joshuaproject.net/images/scale3.jpg"
"3","Belgium","0.19835105624444399","64.359361078753295","0.335944639902783","1.4761016642970299","0.082105875693908495","7.9465427641100703","26.929594316333301","0.070114621720927806","0.077985647241287606","Christianity","1","EUR","BE","vls","10","BEL","BE","Europe, Western","Brussels","11716000","0","95","29","76","1","1","0","4","11","59","919000","113000","N","Superficially Reached","https://joshuaproject.net/images/scale3.jpg"
"5","Brazil","0.13360127577522499","90.192031451692102","5.6956288910611397","25.106350940301699","5.0150526903295598E-05","0.37446686593872602","2.99149714191006","0.48641920978757802","0.12630501330830601","Christianity","1","LAM","BR","por","11","BRA","BR","America, Latin","Brasília","217637000","0","323","50","171","20","18","16","24","65","28","140000","20000","N","Significantly Reached","https://joshuaproject.net/images/scale5.jpg"
"4","Cameroon","0.0014403639072589","50.786914100015601","22.237345302215701","8.6408954335254098","0","25.9699964524001","0.62679537595778101","0.372000379095689","0.0055080264079452003","Christianity","1","AFR","CM","fra","8","CMR","CM","Africa, West and Central","Yaoundé","29394000","1","294","17","285","9","37","65","47","92","35","4154000","3854000","N","Partially Reached","https://joshuaproject.net/images/scale4.jpg"
"4","Canada","1.1856489720349199","71.002872600687994","2.75636243028449","7.6735907624511404","1.82557047819489","4.6200467712402302","17.3758006836348","1.15287641174066","0.080821652182018602","Christianity","1","NAR","CA","eng","12","CAN","CA","America, North and Caribbean","Ottawa","39107000","0","297","63","227","21","4","1","33","36","132","2892000","771000","N","Partially Reached","https://joshuaproject.net/images/scale4.jpg"
"1","Senegal","0.00131042038923517","4.5714662334073202","4.5279515394288001","0.187715468627319","0","90.509371365433694","0.21515100652836999","0.172128527528838","0.0026209072837403199","Islam","6","AFR","SG","fra","8","SEN","SN","Africa, West and Central","Dakar","18222000","1","55","26","50","2","3","4","12","17","12","14749000","8988000","Y","Unreached","https://joshuaproject.net/images/scale1.jpg"
"5","Anguilla","0.73351842407511703","90.601911373674596","4.6447213112069203","34.622016979522101","0.31510298499001499","0.64499256497238999","2.0361206318501002","1.0236327092308799","0","Christianity","1","NAR","AV","eng","12","AIA","AI","America, North and Caribbean","The Valley","16000","0","5",,"3","0","0","0","1","0","2",,,"N","Significantly Reached","https://joshuaproject.net/images/scale5.jpg"
"5","Antigua and Barbuda","0","92.937123081240102","0.0186892682067204","25.018969194328001","0.00050511535693838997","0.347870795237741","2.5374148907903602","4.1583968491681","0","Christianity","1","NAR","AC","eng","12","ATG","AG","America, North and Caribbean","Saint John's","95000","0","5",,"3","1","0","0","1","0","1",,,"N","Significantly Reached","https://joshuaproject.net/images/scale5.jpg"
"5","Bahamas","0.019303614819428098","94.458014876829296","0.88784454281631298","39.862742785099798","0.023619767288726799","0","3.24776577986826","1.36345141837796","0","Christianity","1","NAR","BF","eng","12","BHS","BS","America, North and Caribbean","Nassau","415000","0","9",,"6","1","1","0","0","0","4",,,"N","Significantly Reached","https://joshuaproject.net/images/scale5.jpg"
"5","British Virgin Islands","0","90.794251766217101","0","29.206005138086098","1.2535324341682701","0.84698137443802202","3.4303147077713501","3.6749197174052699","0","Christianity","1","NAR","VI","eng","12","VGB","VG","America, North and Caribbean","Road Town","32000","0","4",,"3","0","0","0","1","0","2",,,"N","Significantly Reached","https://joshuaproject.net/images/scale5.jpg"
"5","Cayman Islands","0","81.950207178750901","14.211315147164401","21.259239052404901","0.00210251256281407","0.00157688442211055","3.02882124910266","0.805977027997129","0","Christianity","1","NAR","CJ","eng","12","CYM","KY","America, North and Caribbean","George Town","70000","0","10",,"5","1","0","0","0","0","4",,,"N","Significantly Reached","https://joshuaproject.net/images/scale5.jpg"
"4","Guadeloupe","0","95.219064043604106","0.17598313229381199","4.76065524334006","0.61913953020238099","0.43351785612899602","3.5468204012532101","0.0054750365174483697","0","Christianity","1","NAR","GP","fra","12","GLP","GP","America, North and Caribbean","Basse-Terre","396000","0","7",,"6","1","0","0","2","0","3",,,"N","Partially Reached","https://joshuaproject.net/images/scale4.jpg"
"5","Lesotho","0.0289169809451457","91.299986292007802","7.4161752115489099","13.132524203926801","0.062048194091491503","0.0309214602628235","0.30195776167382199","0.85999409946996097","0","Christianity","1","AFR","LT","eng","7","LSO","LS","Africa, East and Southern","Maseru","2356000","0","10",,"9","1","0","0","0","0","8",,,"N","Significantly Reached","https://joshuaproject.net/images/scale5.jpg"
"4","Martinique","0","94.825962529705507","0.13798135056123201","6.9310099338512003","0.57325885163067003","0.798821470316468","2.9037845583895998","0.76019123939648703","0","Christianity","1","NAR","MB","fra","12","MTQ","MQ","America, North and Caribbean","Fort-de-France","366000","0","7",,"7","1","0","0","2","0","4",,,"N","Partially Reached","https://joshuaproject.net/images/scale4.jpg"
"5","Saint Kitts and Nevis","0","92.530724481608203","1.8961949406647201","22.013188901558301","1.31656742261075","0","3.96005532328223","0.296457831834115","0","Christianity","1","NAR","SC","eng","12","KNA","KN","America, North and Caribbean","Basseterre","48000","0","4",,"4","1","0","0","1","0","2",,,"N","Significantly Reached","https://joshuaproject.net/images/scale5.jpg"
"4","Seychelles","0.0588502902826687","96.179781098315402","0.20219853431046","6.9869574826156899","0.47621014561720798","0.29654135338345899","2.5004663557628199","0.28595222232797202","0","Christianity","1","AFR","SE","crs","7","SYC","SC","Africa, East and Southern","Victoria","108000","0","5",,"5","0","0","1","0","0","4",,,"N","Partially Reached","https://joshuaproject.net/images/scale4.jpg"
"4","Sint Maarten","0","88.564357030599993","2.4005731718591101","7.88663215309235","0.15078348895257501","0.10504067671258201","6.23273088656744","2.5465147453083099","0","Christianity","1","NAR","NN","eng","12","SXM","SX","America, North and Caribbean","Philipsburg","44000","0","9",,"9","1","0","0","2","0","6",,,"N","Partially Reached","https://joshuaproject.net/images/scale4.jpg"
"5","St Vincent and Grenadines","0","88.741714681697104","2.0015692988617499","41.061710072945502","4.1029431089609396","1.5656454277004901","2.45860547190287","1.12952201087684","0","Christianity","1","NAR","VC","eng","12","VCT","VC","America, North and Caribbean","Kingstown","104000","0","8",,"7","0","0","0","2","0","5",,,"N","Significantly Reached","https://joshuaproject.net/images/scale5.jpg"
"5","Virgin Islands (U.S.)","0","94.209390337343905","0.49229431133384399","24.382155356292301","0.53721862121808295","0.13526890182029","3.9106111122615901","0.71521671602228198","0","Christianity","1","NAR","VQ","eng","12","VIR","VI","America, North and Caribbean","Charlotte Amalie","98000","0","7",,"6","1","0","0","1","0","4",,,"N","Significantly Reached","https://joshuaproject.net/images/scale5.jpg"
"4","Botswana","0.022842430155205901","65.512526418215003","33.351832125723398","8.2927051019151907","0.10716959633551","0.037810997712573499","0.11324085964663","0.85457757221165898","0","Christianity","1","AFR","BC","eng","7","BWA","BW","Africa, East and Southern","Gaborone","2720000","0","46",,"36","1","1","7","6","6","15",,,"N","Partially Reached","https://joshuaproject.net/images/scale4.jpg"
"5","Grenada","0","92.328116708709899","0.98077441159903","18.775097352501799","2.0703509588303","0.75388593633921896","3.7665621708995598","0.100309813622003","0","Christianity","1","NAR","GJ","eng","12","GRD","GD","America, North and Caribbean","Saint George's","127000","0","6",,"5","1","1","0","0","1","2",,,"N","Significantly Reached","https://joshuaproject.net/images/scale5.jpg"
"5","Saint Lucia","0","94.805538972932595","1.9210761368518601","18.537041000348001","0.44853837369694499","0.44613379915428603","1.4229388553467699","0.95577386201750203","0","Christianity","1","NAR","ST","eng","12","LCA","LC","America, North and Caribbean","Castries","181000","0","5",,"5","1","0","0","0","1","3",,,"N","Significantly Reached","https://joshuaproject.net/images/scale5.jpg"
"5","Solomon Islands","0.080042963757152794","95.756493562177596","2.6331595072429601","31.1181763230441","0.075702975403937403","0.013340493959525501","0.36614002708764498","1.07512047037122","0","Christianity","1","SOP","BP","eng","1","SLB","SB","Australia and Pacific","Honiara","757000","0","74",,"70","3","12","10","11","22","12",,,"N","Significantly Reached","https://joshuaproject.net/images/scale5.jpg"
"4","Timor-Leste","0.0155045088986409","91.343671142775904","8.3627496707271103","2.5358836584740301","0.036111588828754503","0.23334775675734201","0.0086153320122364496","0","0","Christianity","1","ASI","TT","por","2","TLS","TL","Asia, Southeast","Dili","1380000","0","24",,"23","1","0","14","3","2","3",,,"Y","Partially Reached","https://joshuaproject.net/images/scale4.jpg"
"5","Tonga","0.00056701569189584295","95.861038721865199","0.10754217256338899","15.696310078696801","0.000154640643244321","0","0.48406793176446","3.5466295174718301","0","Christianity","1","SOP","TN","ton","1","TON","TO","Australia and Pacific","Nuku'alofa","109000","0","5",,"4","1","0","0","0","1","2",,,"N","Significantly Reached","https://joshuaproject.net/images/scale5.jpg"
"5","Trinidad and Tobago","0.052939727288881001","66.648486269992105","1.18288192351127","23.659133932296299","22.181809699217698","5.1672663181709897","3.2048715873683702","1.5617444744506901","0","Christianity","1","NAR","TD","eng","12","TTO","TT","America, North and Caribbean","Port-of-Spain","1538000","0","14",,"11","1","2","0","1","1","6",,,"N","Significantly Reached","https://joshuaproject.net/images/scale5.jpg"
"5","Vanuatu","0.287306980772771","90.971790567763094","5.6337700277347702","41.175595814735303","0.080017383274031004","0.065645852006772198","1.2627665963489101","1.6987025920996599","0","Christianity","1","SOP","NH","bis","1","VUT","VU","Australia and Pacific","Port-Vila","342000","0","111",,"109","7","39","1","29","19","14",,,"N","Significantly Reached","https://joshuaproject.net/images/scale5.jpg"
"5","Australia","2.6666958227516999","63.124536195241497","1.8988919027964799","13.8894150298469","2.0023498348318798","4.0820421874128696","25.7784696571353","0.44701439983027202","0","Christianity","1","AUS","AS","eng","1","AUS","AU","Australia and Pacific","Canberra","26699000","0","206","33","178","24","10","2","30","19","93","1484000","244000","N","Significantly Reached","https://joshuaproject.net/images/scale5.jpg"
"5","Barbados","0.00020258402387905299","92.583551901380403","0.000101292011939527","34.031610650747297","0.42583592849215002","1.00962274113425","5.7850896003275798","0.19559595262982099","0","Christianity","1","NAR","BB","eng","12","BRB","BB","America, North and Caribbean","Bridgetown","282000","0","5","1","3","0","0","0","0","0","3","3900",,"N","Significantly Reached","https://joshuaproject.net/images/scale5.jpg"
"5","Belize","0.84559322035385998","86.373127538109301","1.2256314248150499","23.968841544944699","0.32639208564529198","1.84349634577666","8.3049425895650906","1.0808167957346599","0","Christianity","1","NAR","BH","eng","11","BLZ","BZ","America, Latin","Belmopan","417000","0","13","1","12","1","0","0","0","2","9","6700","6700","N","Significantly Reached","https://joshuaproject.net/images/scale5.jpg"
"5","Dominica","0.84525449973719002","92.098283920276202","1.9483386132143801","18.0427257649099","1.17450882900288","0.46365689770289698","2.3677240634722199","1.1022331765942599","0","Christianity","1","NAR","DO","eng","12","DMA","DM","America, North and Caribbean","Roseau","73000","0","7","1","6","1","0","0","0","1","4","900",,"N","Significantly Reached","https://joshuaproject.net/images/scale5.jpg"
"5","Fiji","0.053001404776480403","64.239527452231002","0.30611321684870302","26.336074553445499","28.638500262284499","4.2768221769468298","1.48034213837081","1.0056933485416999","0","Christianity","1","SOP","FJ","eng","1","FJI","FJ","Australia and Pacific","Suva","943000","0","33","1","24","1","0","2","3","2","16","4700",,"N","Significantly Reached","https://joshuaproject.net/images/scale5.jpg"
"5","Finland","0.32507775472372802","80.298723459235205","0.13489076547753101","10.1914222154752","0.20765025039146801","1.8854535014973499","17.123434680281001","0.024769588393628399","0","Christianity","1","EUR","FI","fin","10","FIN","FI","Europe, Western","Helsinki","5550000","0","60","16","54","0","0","0","6","5","43","107000","36000","N","Significantly Reached","https://joshuaproject.net/images/scale5.jpg"
"5","Guyana","0.020687058590093101","40.335656806397402","5.3864944703913098","13.123636870764299","38.011231111620802","9.1574286358497101","6.5154278501767404","0.57307406697390695","0","Christianity","1","LAM","GY","eng","11","GUY","GY","America, Latin","Georgetown","820000","0","21","1","18","1","0","0","3","8","6","4200","4200","N","Significantly Reached","https://joshuaproject.net/images/scale5.jpg"
"5","Honduras","0.0084610990202164896","95.691973944456393","1.29283718988746","27.499877686701399","0.0048669925322240796","0.42957933554659899","2.1236719781262701","0.44860946043083","0","Christianity","1","NAR","HO","spa","11","HND","HN","America, Latin","Tegucigalpa","10759000","0","22","1","14","1","0","0","2","3","8","2100","2100","N","Significantly Reached","https://joshuaproject.net/images/scale5.jpg"
"5","Jamaica","0.257550909739103","81.333740577188394","10.039101805386901","29.753494661352502","0.698982913681931","0.81350624320706899","5.3864387210990898","1.47067882969746","0","Christianity","1","NAR","JM","eng","12","JAM","JM","America, North and Caribbean","Kingston","2825000","0","10","1","8","0","0","1","1","1","5","500","500","N","Significantly Reached","https://joshuaproject.net/images/scale5.jpg"
"5","New Zealand","1.9068252803279","50.932548640686697","1.8473130815644301","17.633035826186401","4.8390985620496103","2.4026904441169799","36.888796740239798","1.1827272510146201","0","Christianity","1","SOP","NZ","eng","1","NZL","NZ","Australia and Pacific","Wellington","5270000","0","92","28","76","1","2","0","3","5","65","459000","30000","N","Significantly Reached","https://joshuaproject.net/images/scale5.jpg"
"5","Panama","0.201327097226215","88.194126426138297","4.7182883738840502","21.588819207396298","0.24778666234373101","0.58405136266891999","4.68102841809994","1.37339165963885","0","Christianity","1","NAR","PM","spa","11","PAN","PA","America, Latin","Panama City","4528000","0","30","2","22","0","0","1","1","9","11","13000","10000","N","Significantly Reached","https://joshuaproject.net/images/scale5.jpg"
"5","Papua New Guinea","0.034024561780285498","94.237464070862998","4.9822861048010303","22.916265125213801","0.00163281247476238","0.0059917756014221798","0.54929335480722996","0.18930731967221201","0","Christianity","1","AUS","PP","eng","1","PNG","PG","Australia and Pacific","Port Moresby","10516000","0","885","1","827","49","206","143","138","270","21","1300","1300","N","Significantly Reached","https://joshuaproject.net/images/scale5.jpg"
"5","Philippines","0.064210573621471395","89.023726585953298","3.1469521471815698","11.3253422835629","0.017977558876397799","6.5980677140009103","0.58933094282551401","0.55973447754078398","0","Christianity","1","ASI","RP","tgl","2","PHL","PH","Asia, Southeast","Manila","119106000","0","202","28","182","22","10","13","18","84","35","5898000","5259000","N","Significantly Reached","https://joshuaproject.net/images/scale5.jpg"
"5","Puerto Rico","0.0103767261404667","94.529268390585898","1.7130175129142","32.768539104175197","0.10724629193592999","0.0031121115214474801","3.5907762385063799","0.046202728395663598","0","Christianity","1","NAR","RQ","spa","12","PRI","PR","America, North and Caribbean","San Juan","3269000","0","14","1","7","0","0","1","0","0","6","1500","1500","N","Significantly Reached","https://joshuaproject.net/images/scale5.jpg"
"5","Suriname","0.38958809502464697","48.528217415213803","10.874243070364299","17.1960155275892","17.2381628703262","16.2304367098534","5.7589615364276696","0.98039030278997097","0","Christianity","1","LAM","NS","nld","11","SUR","SR","America, Latin","Paramaribo","629000","0","24","2","21","3","0","0","3","7","8","32000","200","N","Significantly Reached","https://joshuaproject.net/images/scale5.jpg"
"5","United States","0.82850093859474505","76.625667300583004","2.6339134385144298","26.484378595608199","0.85503815800732796","1.92541809700125","16.706675179097299","0.42478688820198202","0","Christianity","1","NAR","US","eng","12","USA","US","America, North and Caribbean","Washington, DC","341814000","0","523","98","378","45","3","8","65","79","178","14564000","2805000","N","Significantly Reached","https://joshuaproject.net/images/scale5.jpg"
"5","Venezuela","0.149845266172796","82.616918851111905","1.68045898841618","12.204090607905","9.6610407792576398E-05","0.38473312613827398","14.8458532581143","0.32209389963872498","0","Christianity","1","LAM","VE","spa","11","VEN","VE","America, Latin","Caracas","29395000","0","66","3","51","5","1","1","7","21","16","34000","28000","N","Significantly Reached","https://joshuaproject.net/images/scale5.jpg"
"5","Burundi","0","93.407183361365597","2.9421568500583302","30.2732266961617","0.0159767766509325","3.4929346287767098","0.055700912108174599","0.086047471040221105","0","Christianity","1","AFR","BY","run","7","BDI","BI","Africa, East and Southern","Bujumbura","13592000","0","12","3","10","0","0","0","2","0","8","22000","19000","N","Significantly Reached","https://joshuaproject.net/images/scale5.jpg"
"5","Eswatini","0","84.061406551415104","11.647906135078401","20.5960116732203","0.37832091458516398","1.2081358512050699","2.0345523176454998","0.66967823007076399","0","Christianity","1","AFR","WZ","ssw","7","SWZ","SZ","Africa, East and Southern","Mbabane (administrative)","1222000","0","10","1","10","1","0","0","0","1","8","700",,"N","Significantly Reached","https://joshuaproject.net/images/scale5.jpg"
"5","Kenya","0","80.010378245452202","8.0954509227285296","45.433093877638299","0.48247415219648698","10.611263498163501","0.12153986434542099","0.67889331711378997","0","Christianity","1","AFR","KE","eng","7","KEN","KE","Africa, East and Southern","Nairobi","56203000","0","108","32","87","2","0","12","14","15","44","5489000","2233000","N","Significantly Reached","https://joshuaproject.net/images/scale5.jpg"
"5","Malawi","0","74.079907813596293","8.1947892269323592","16.9539073469271","0.203420511853876","17.004008496943701","0.507422733397769","0.0104512172760718","0","Christianity","1","AFR","MI","eng","7","MWI","MW","Africa, East and Southern","Lilongwe","21476000","0","26","4","24","1","0","0","2","4","17","2683000","4200","N","Significantly Reached","https://joshuaproject.net/images/scale5.jpg"
"5","Rwanda","0","89.034734988313502","4.4766203500518502","26.2525554541348","0.0088452263316311699","4.7995689625698796","1.6784203792733099","0.0018100934598219601","0","Christianity","1","AFR","RW","kin","7","RWA","RW","Africa, East and Southern","Kigali","14415000","0","12","3","10","1","0","0","2","0","7","11000","6600","N","Significantly Reached","https://joshuaproject.net/images/scale5.jpg"
"5","South Africa","0.073025985603247898","77.063641674529705","12.7126435841394","21.020967287517401","1.28983392078839","1.2638514830099401","1.6022228548226001","5.99478049710671","0","Christianity","1","AFR","SF","eng","7","ZAF","ZA","Africa, East and Southern","Pretoria (administrative)","61020000","0","66","8","45","1","1","3","5","2","33","991000","18000","N","Significantly Reached","https://joshuaproject.net/images/scale5.jpg"
"5","Uganda","0.0049648762786335902","83.090578273099794","5.8525994072276504","33.148062413680698","0.90916542152770297","9.4095637860638206","0.53669350713642905","0.19643472866592401","0","Christianity","1","AFR","UG","eng","7","UGA","UG","Africa, East and Southern","Kampala","49924000","0","68","2","62","0","0","5","11","9","37","1196000",,"N","Significantly Reached","https://joshuaproject.net/images/scale5.jpg"
"5","Zambia","0.033152808297060299","86.479426097260202","10.2639468563851","24.926942246885901","0.142721784283832","1.61549576294806","0.22542820892447701","1.2398284819012699","0","Christianity","1","AFR","ZA","eng","7","ZMB","ZM","Africa, East and Southern","Lusaka","21135000","0","75","3","54","0","0","6","8","9","31","108000","102000","N","Significantly Reached","https://joshuaproject.net/images/scale5.jpg"
"5","Zimbabwe","0.0013424966144470799","76.968430744300804","21.7259979521417","25.199136747628099","0.133766135271946","0.28569739047714798","0.65156587750359196","0.23319940369029499","0","Christianity","1","AFR","ZI","eng","7","ZWE","ZW","Africa, East and Southern","Harare","17020000","0","41","2","36","0","1","2","1","8","24","29000","7600","N","Significantly Reached","https://joshuaproject.net/images/scale5.jpg"
"3","Andorra","0","90.5954002999257","0.00060489206457222798","1.36468469355796","0.58115005103776796","0.84653384245082097","7.5740551711970596","0.402255743324134","0","Christianity","1","EUR","AN","cat","10","AND","AD","Europe, Western","Andorra la Vella","80000","0","10","2","10","1","0","0","0","1","8","1200",,"N","Superficially Reached","https://joshuaproject.net/images/scale3.jpg"
"3","Cyprus","1.36950802607258","71.898522019003394","0.14808684372669201","1.2923620189871801","0.49590864870123702","20.263729253818202","5.3560575769368102","0.46818763174109201","0","Christianity","1","EUR","CY","ell","10","CYP","CY","Europe, Western","Nicosia","1268000","0","30","5","24","2","0","0","1","1","20","247000","300","N","Superficially Reached","https://joshuaproject.net/images/scale3.jpg"
"4","Denmark","0.76601304358024702","81.507009187609","0.33925164352276599","3.6177533848363801","0.24585139516095","5.1938650861176301","11.857130986493599","0.090878657515776701","0","Christianity","1","EUR","DA","dan","10","DNK","DK","Europe, Western","Copenhagen","5940000","0","86","24","67","0","0","0","5","7","55","299000","108000","N","Partially Reached","https://joshuaproject.net/images/scale4.jpg"
"3","France","1.3249294005847201","62.384033982233298","1.6528104921404401","1.2317980937527699","0.14678865275268499","8.5844776021311908","25.132618648440399","0.77434122171725905","0","Christianity","1","EUR","FR","fra","10","FRA","FR","Europe, Western","Paris","64882000","0","114","37","91","1","0","0","13","18","59","4188000","1324000","N","Superficially Reached","https://joshuaproject.net/images/scale3.jpg"
"4","Germany","0.26732835880225297","62.182442941561703","0.26608355590930899","2.1183833285842102","0.14270013024129799","7.1952105300570297","29.902212439036798","0.0440220443916483","0","Christianity","1","EUR","GM","deu","10","DEU","DE","Europe, Western","Berlin","83252000","0","94","27","87","1","0","0","6","15","65","5088000","3287000","N","Partially Reached","https://joshuaproject.net/images/scale4.jpg"
"4","Gibraltar","0","79.769443250874701","3.2188324841937299","2.1870567537487702","2.7128475845558899","8.4678656927137705","5.7041311153397602","0.12687987232214101","0","Christianity","1","EUR","GI","eng","10","GIB","GI","Europe, Western","Gibraltar","33000","0","6","3","4","0","0","0","0","1","3","3100",,"N","Partially Reached","https://joshuaproject.net/images/scale4.jpg"
"4","Iceland","0.45900880804995797","90.028728695699598","0.0073927626735022199","4.45309853551153","0.124648905129394","0.119916718933217","8.5916227536745708","0.66868135583976396","0","Christianity","1","EUR","IC","isl","10","ISL","IS","Europe, Western","Reykjavík","378000","0","12","2","11","0","1","0","0","1","9","2300",,"N","Partially Reached","https://joshuaproject.net/images/scale4.jpg"
"3","Ireland","0.028113594436236299","91.402910343162603","0.202894831784347","1.5551641617666401","0.40903176993123802","0.78032118996798205","7.0810698482597303","0.095658422457902306","0","Christianity","1","EUR","EI","eng","10","IRL","IE","Europe, Western","Dublin","5089000","0","45","5","34","1","1","0","1","2","29","49000","9600","N","Superficially Reached","https://joshuaproject.net/images/scale3.jpg"
"3","Italy","0.24399560354049901","81.331441382269603","0.19431824413347301","1.4571816382682301","0.25995773365727298","3.6709603883336501","14.262441224689599","0.036885423375917999","0","Christianity","1","EUR","IT","ita","10","ITA","IT","Europe, Western","Rome","58698000","0","105","23","88","5","0","1","13","12","57","2029000","147000","N","Superficially Reached","https://joshuaproject.net/images/scale3.jpg"
"3","Luxembourg","0","80.198823020336903","0.17146295713434201","1.0287807583280999","0.21290404595349699","2.10611676403032","16.998118022608502","0.31257518993641598","0","Christianity","1","EUR","LU","ltz","10","LUX","LU","Europe, Western","Luxembourg","662000","0","20","3","18","1","0","0","3","1","13","3000","1600","N","Superficially Reached","https://joshuaproject.net/images/scale3.jpg"
"4","Netherlands","0.35314299887420397","46.861887960098997","0.57973786826874696","4.0096784344198699","1.7425873551527999","7.7956592034713301","42.5284700795265","0.13851453460747601","0","Christianity","1","EUR","NL","nld","10","NLD","NL","Europe, Western","Amsterdam","17671000","0","102","24","83","0","0","1","5","12","65","1635000","409000","N","Partially Reached","https://joshuaproject.net/images/scale4.jpg"
"4","Norway","1.0779543776151299","87.234360428911401","0.20956081196964299","7.9559678464738797","0.10066355150403999","5.1016386592004004","5.37853392892446","0.897288241875005","0","Christianity","1","EUR","NO","nor","10","NOR","NO","Europe, Western","Oslo","5514000","0","61","13","54","2","0","0","4","5","43","264000","64000","N","Partially Reached","https://joshuaproject.net/images/scale4.jpg"
"4","Portugal","0.035982608184232302","92.778431713302794","0.30303401404299901","3.52175948932664","0.68530061111722496","0.66143058493351203","5.5123952378549896","0.023425230564299699","0","Christianity","1","EUR","PO","por","10","PRT","PT","Europe, Western","Lisbon","10223000","0","43","6","30","1","1","1","4","1","22","110000","4200","N","Partially Reached","https://joshuaproject.net/images/scale4.jpg"
"3","Spain","0.074507229121072605","77.317194530697193","0.27369998038064602","1.60617636150502","0.067843021784869104","2.6596461708463202","19.586965597503699","0.020143469666214199","0","Christianity","1","EUR","SP","spa","10","ESP","ES","Europe, Western","Madrid","47473000","0","104","15","70","1","0","0","5","12","52","1026000","808000","N","Superficially Reached","https://joshuaproject.net/images/scale3.jpg"
"4","Sweden","0.52478673639611495","55.836760893908","0.295300640807032","5.7420247956838599","0.39473598601068099","3.6410431784443298","38.284359251803302","1.0230133126305501","0","Christianity","1","EUR","SW","swe","10","SWE","SE","Europe, Western","Stockholm","10674000","0","88","22","70","3","0","0","6","9","52","420000","137000","N","Partially Reached","https://joshuaproject.net/images/scale4.jpg"
"4","Switzerland","0.83031408549404395","76.137737438549195","0.77451223102164801","4.0065564725120399","0.22113419795629299","4.2369151608968396","16.685790720666802","1.1135961654151401","0","Christianity","1","EUR","SZ","gsw","10","CHE","CH","Europe, Western","Bern","8851000","0","48","10","43","0","1","0","4","4","34","269000","124000","N","Partially Reached","https://joshuaproject.net/images/scale4.jpg"
"4","United Kingdom","0.45783710468237798","56.147314128969697","0.66495823292770795","7.5693911436711598","2.8424029230686898","4.2658243947392798","34.686364162025697","0.93529905358660304","0","Christianity","1","EUR","UK","eng","10","GBR","GB","Europe, Western","London","67961000","0","116","36","96","5","1","0","8","8","74","5477000","1056000","N","Partially Reached","https://joshuaproject.net/images/scale4.jpg"
"3","Croatia","2.0459630972300299E-05","92.415457133172794","0.43688968451271398","0.428130799493325","4.0919261944600599E-05","1.81868256294987","5.2362758878863698","0.092633352585335005","0","Christianity","1","EUR","HR","hrv","9","HRV","HR","Europe, Eastern and Eurasia","Zagreb","3987000","0","25","2","23","1","3","1","1","0","17","26000","24000","N","Superficially Reached","https://joshuaproject.net/images/scale3.jpg"
"4","Curacao","0.115654322601678","85.836444429480395","1.77728116927899","6.8472589314340304","1.1557948375236","0.45296265957941301","10.4555532578435","0.20630932369251201","0","Christianity","1","NAR","UC","nld","12","CUW","CW","America, North and Caribbean","Willemstad","193000","0","16","2","11","1","0","0","1","1","8","1100","400","N","Partially Reached","https://joshuaproject.net/images/scale4.jpg"
"4","Equatorial Guinea","0","89.267827357857698","4.5656219409951104","4.7371255108575596","0.062524342108443695","3.30680232937523","1.9107030640598099","0.88652096560368998","0","Christianity","1","AFR","EK","spa","8","GNQ","GQ","Africa, West and Central","Malabo","1755000","0","18","2","18","2","0","1","4","4","7","37000","37000","N","Partially Reached","https://joshuaproject.net/images/scale4.jpg"
"4","French Guiana","0.41518344091264903","80.799606522771299","6.8426636467463098","5.7215466323205098","2.4420932411102698","1.4003913919437401","5.9687346811759703","2.13132707533974","0","Christianity","1","LAM","FG","fra","11","GUF","GF","America, Latin","Cayenne","320000","0","22","1","21","1","1","0","4","7","8","4800",,"N","Partially Reached","https://joshuaproject.net/images/scale4.jpg"
"3","Greece","0.102068570317377","88.6203863581419","0.040041981309501297","0.49861656742272997","0.278324535377942","7.2107699252015296","3.7443263159362701","0.0040823137154970502","0","Christianity","1","EUR","GR","ell","9","GRC","GR","Europe, Eastern and Eurasia","Athens","10303000","0","53","11","46","4","0","1","5","4","32","225000","62000","N","Superficially Reached","https://joshuaproject.net/images/scale3.jpg"
"4","Madagascar","0.0302547751536008","49.661370895146","42.563878817125897","6.0802250466255696","0.074118335797803706","7.0116198159354299","0.422137130371386","0.23662023046980701","0","Christianity","1","AFR","MA","plt","7","MDG","MG","Africa, East and Southern","Antananarivo","31057000","0","40","10","26","2","1","0","14","2","7","471000","210000","N","Partially Reached","https://joshuaproject.net/images/scale4.jpg"
"3","Poland","0.0061942881259534803","89.703035675869103","0.018254866134407799","0.30676700880830499","0.0052113405259041302","0.0202361121850856","10.246280592645901","0.00078712451363700299","0","Christianity","1","EUR","PL","pol","9","POL","PL","Europe, Eastern and Eurasia","Warsaw","40222000","0","32","5","28","1","0","1","1","2","23","17000","5300","N","Superficially Reached","https://joshuaproject.net/images/scale3.jpg"
"4","Reunion","0.30118439142293701","86.082942890477099","1.41347060692252","6.8407285354641498","3.7422216126061998","5.3254261689384998","2.4204003702592098","0.71435395937356305","0","Christianity","1","AFR","RE","fra","7","REU","RE","Africa, East and Southern","Saint-Denis","989000","0","18","7","15","2","0","0","3","1","9","63000",,"N","Partially Reached","https://joshuaproject.net/images/scale4.jpg"
"4","Romania","0","93.745914973752207","0.038832281976668999","6.36214690318746","0.0042223100934797803","0.61678293003686702","5.5936358266378701","0.00061167750287936004","0","Christianity","1","EUR","RO","ron","9","ROU","RO","Europe, Eastern and Eurasia","Bucharest","19619000","0","32","7","30","0","0","0","2","2","26","67000","44000","N","Partially Reached","https://joshuaproject.net/images/scale4.jpg"
"4","Ukraine","0.0197286085031676","72.6320345931628","0.38629849466046101","3.6417820127045699","0.0174421503794462","1.9532103690610101","24.988577665287501","0.0027081189456061201","0","Christianity","1","EUR","UP","ukr","9","UKR","UA","Europe, Eastern and Eurasia","Kiev","37938000","0","78","28","71","5","0","0","8","12","46","399000","72000","N","Partially Reached","https://joshuaproject.net/images/scale4.jpg"
"5","Colombia","0.0045586918668780599","93.569441857358299","2.4804418398791399","10.743169082190001","0.000100196457899509","0.020276565557449899","2.6577372530618901","1.26744359581842","0","Christianity","1","LAM","CO","spa","11","COL","CO","America, Latin","Bogotá","52341000","2","121","13","84","6","5","4","13","47","9","52000","12000","N","Significantly Reached","https://joshuaproject.net/images/scale5.jpg"
"5","Congo, Democratic Republic of","0","91.607563642495805","5.5565256867622903","19.209331984256298","0.107661230948239","1.6582541266579001","0.57183126162048203","0.49816405151536203","0","Christianity","1","AFR","CG","fra","8","COD","CD","Africa, West and Central","Kinshasa","105625000","2","231","3","226","11","23","63","49","36","44","319000",,"N","Significantly Reached","https://joshuaproject.net/images/scale5.jpg"
"5","Cuba","0.029018256300802198","56.211139489790803","19.651836352635801","11.3333726756846","0.21186647546478701","0.12873989823908599","23.106013360828701","0.66138616673997797","0","Christianity","1","NAR","CU","spa","12","CUB","CU","America, North and Caribbean","Havana","11175000","2","16","2","12","0","0","0","2","1","9","34000","500","N","Significantly Reached","https://joshuaproject.net/images/scale5.jpg"
"5","Ethiopia","0.0040304150724462199","58.365786769030599","8.6761278513865001","17.977468745219898","0.0020494072177005399","32.617632012432203","0.334088399277643","0.000285145582908668","0","Christianity","1","AFR","ET","amh","7","ETH","ET","Africa, East and Southern","Addis Ababa","129720000","1","129","37","98","5","2","9","25","25","32","37447000","101000","Y","Significantly Reached","https://joshuaproject.net/images/scale5.jpg"
"5","Ghana","0.0048660865694591096","62.062254887497303","14.9683345346564","25.744645848118999","0.020316385006255201","22.608644181636802","0.33483309069468897","0.00075083393905928802","0","Christianity","1","AFR","GH","eng","8","GHA","GH","Africa, West and Central","Accra","34778000","1","111","20","99","2","4","11","8","33","41","2175000","460000","N","Significantly Reached","https://joshuaproject.net/images/scale5.jpg"
"5","Mozambique","0.041416997257660002","49.511129505716802","28.912282403502601","14.176107767198999","0.231102548414715","18.033696109608702","3.26357911064113","0.00679332485830598","0","Christianity","1","AFR","MZ","por","7","MOZ","MZ","Africa, East and Southern","Maputo","34858000","2","57","11","54","1","1","10","3","13","26","3621000","588000","N","Significantly Reached","https://joshuaproject.net/images/scale5.jpg"
"3","Russia","0.38306992952594598","57.329586251931602","1.3895385749537399","1.4090541370085401","0.017944851052876298","10.332047633242601","30.5389865423972","0.0088262168960644306","0","Christianity","1","ASI","RS","rus","9","RUS","RU","Europe, Eastern and Eurasia","Moscow","143957000","1","184","117","127","19","0","6","24","24","54","17576000","7455000","N","Superficially Reached","https://joshuaproject.net/images/scale3.jpg"
"5","Tanzania","0.020654546712937899","50.928049769318299","17.496141696430001","10.963275240265901","0.97078083205127697","29.649887474515701","0.44115811405970001","0.49332756691204999","0","Christianity","1","AFR","TZ","swh","7","TZA","TZ","Africa, East and Southern","Dodoma","69419000","1","157","28","143","6","1","28","20","48","40","6910000","1832000","N","Significantly Reached","https://joshuaproject.net/images/scale5.jpg"
"1","Afghanistan","0","0.017175311421022101","0.027044682627109299","0.0142929382187869","0.012804885722942701","99.821017792246494","0.0029533839708607","0.119003944011534","0","Islam","6","ASI","AF","pbt","5","AFG","AF","Asia, Central","Kabul","43373000","2","70","68","53","17","5","1","10","3","17","43264000","41931000","Y","Unreached","https://joshuaproject.net/images/scale1.jpg"
"4","Bahrain","0.036870898109938301","8.2629281604189995","0.013973126332320901","2.2745226039586499","6.8660233095422996","83.599718853783202","0.96715520695371204","0.253330444859519","0","Islam","6","ASI","BA","arb","6","BHR","BH","Africa, North and Middle East","Manama","1499000","2","17","8","15","1","0","1","2","0","11","1144000","120000","Y","Partially Reached","https://joshuaproject.net/images/scale4.jpg"
"4","Brunei","6.3083787494514603","9.2971020628792296","12.0781213074597","4.7922413703231896","0.77779086032891498","67.354626699610094","2.3007962335427798","1.88318408672784","0","Islam","6","ASI","BX","zlm","2","BRN","BN","Asia, Southeast","Bandar Seri Begawan","456000","2","24","8","24","1","1","4","2","2","14","237000","223000","Y","Partially Reached","https://joshuaproject.net/images/scale4.jpg"
"4","Indonesia","0.35186459992841901","11.4252465087693","2.7314484948164499","3.2264429155154102","1.7838977077614","83.301433387845606","0.385428596128153","0.020680704750760798","0","Islam","6","ASI","ID","ind","2","IDN","ID","Asia, Southeast","Jakarta","279798000","2","786","239","687","119","171","117","114","110","56","195459000","30948000","Y","Partially Reached","https://joshuaproject.net/images/scale4.jpg"
"1","Iran","0.0056142914794874502","1.6678030566601001","0.0152110749627458","1.19626819471887","0.048969638490386901","97.777232661454406","0.15382171959766799","0.331347557355189","0","Islam","6","ASI","IR","pes","5","IRN","IR","Asia, Central","Tehran","89810000","2","94","84","80","27","6","0","17","4","26","89243000","14484000","Y","Unreached","https://joshuaproject.net/images/scale1.jpg"
"2","Kuwait","0.015312368860018801","10.203525232063001","0.0533116534713301","1.5050805624274399","20.995689689635899","68.062444922669002","0.48967338765767499","0.18004274564308401","0","Islam","6","ASI","KU","arb","6","KWT","KW","Africa, North and Middle East","Kuwait City","4349000","2","28","13","23","2","0","0","5","1","15","3241000","338000","Y","Minimally Reached","https://joshuaproject.net/images/scale2.jpg"
"4","Malaysia","5.9467646163815502","9.7027075576054695","17.804651963362002","3.53262646702871","5.5050942450192899","56.226829754691401","4.5106451065190596","0.30330675642122901","0","Islam","6","ASI","MY","zlm","2","MYS","MY","Asia, Southeast","Kuala Lumpur","34672000","2","182","77","152","12","6","43","30","20","41","17343000","16643000","Y","Partially Reached","https://joshuaproject.net/images/scale4.jpg"
"1","Maldives","0.75923559607441804","0.031830025319758801","0","0.010657753105849601","1.5058976486465501","97.614529127915802","0.0107624876153354","0.077745114428185297","0","Islam","6","ASI","MV","div","4","MDV","MV","Asia, South","Male","518000","2","7","7","7","1","0","0","1","0","5","491000","480000","Y","Unreached","https://joshuaproject.net/images/scale1.jpg"
"1","Oman","0.53847186285926796","2.76483046814639","0.011433836817400801","0.62674072103545198","4.7264691279834903","91.350114161502106","0.18045427995401001","0.42822626273732101","0","Islam","6","ASI","MU","arb","6","OMN","OM","Africa, North and Middle East","Muscat","4714000","2","35","27","32","4","2","3","5","2","16","4216000","3027000","Y","Unreached","https://joshuaproject.net/images/scale1.jpg"
"1","Pakistan","0.027119190355566099","1.0360256282773599","0.00015020361546328701",,"1.31692848847572","97.612773654082801","0.00015020361546328701","0.0068526315776057502","0","Islam","6","ASI","PK","urd","4","PAK","PK","Asia, South","Islamabad","245210000","2","792","786","38","8","0","0","11","10","9","241666000","238320000","Y","Unreached","https://joshuaproject.net/images/scale1.jpg"
"2","Qatar","1.90589629923856","6.2253819623478597","0.0110674350980275","0.82255831112330902","2.81881269110858","87.721258161460497","0.73974681860423297","0.57783663214221503","0","Islam","6","ASI","QA","arb","6","QAT","QA","Africa, North and Middle East","Doha","2737000","2","24","13","20","1","0","0","4","2","13","2331000","517000","Y","Minimally Reached","https://joshuaproject.net/images/scale2.jpg"
"1","Saudi Arabia","0.229501933239036","4.0198559253233004","0.168749891365852","0.52969055228190898","2.5427656372565699","92.246208310646793","0.47742137405499602","0.31549692811344598","0","Islam","6","ASI","SA","arb","6","SAU","SA","Africa, North and Middle East","Riyadh","37474000","2","45","29","39","3","2","0","7","3","24","34111000","30517000","Y","Unreached","https://joshuaproject.net/images/scale1.jpg"
"2","United Arab Emirates","0.495438385834439","6.3533644479714599","0.28529747170528602","1.18845410009774","27.815182328927499","64.573591285636596","0.32798527720256698","0.149140802722149","0","Islam","6","ASI","AE","arb","6","ARE","AE","Africa, North and Middle East","Abu Dhabi","9592000","2","36","31","31","3","0","1","8","3","16","7915000","2096000","Y","Minimally Reached","https://joshuaproject.net/images/scale2.jpg"
"1","Uzbekistan","0.11420668975348799","2.3380504577141701","0.088870488018323701","0.18789210665925801","0.0026730867921798802","83.311281359035505","14.1149828564443","0.029935062242067802","0","Islam","6","ASI","UZ","uzn","5","UZB","UZ","Asia, Central","Tashkent","35674000","2","59","34","57","5","0","0","6","9","37","34343000","31421000","Y","Unreached","https://joshuaproject.net/images/scale1.jpg"
"1","Yemen","0","0.199031421823639","0.011701984003724099","0.021037700990740898","0.085124635436402002","99.651802775923002","0.042863774648761697","0.0094754081644385594","0","Islam","6","ASI","YM","arb","6","YEM","YE","Africa, North and Middle East","Sanaa","35220000","2","29","20","25","4","1","0","6","2","12","34945000","33929000","Y","Unreached","https://joshuaproject.net/images/scale1.jpg"
"1","Comoros","0","1.81155196835236","0.67160265491091997","0.65545637580206395","0.00091446498181446104","97.4309786132997","0.084952298455242506","0","0","Islam","6","AFR","CN","swb","7","COM","KM","Africa, East and Southern","Moroni","868000","2","13","8","13","2","0","0","4","2","5","836000","45000","N","Unreached","https://joshuaproject.net/images/scale1.jpg"
"5","Côte d'Ivoire","0.00050236830365814203","36.894186853515599","24.252757482573799","12.5448485512758","0.0080917497574344993","38.626215385549798","0.145742475757727","0.072503684541957603","0","Islam","6","AFR","IV","fra","8","CIV","CI","Africa, West and Central","Yamoussoukro","29603000","1","107","33","102","5","15","11","14","37","20","6551000","1694000","N","Significantly Reached","https://joshuaproject.net/images/scale5.jpg"
"1","Djibouti","0.021658135533022399","2.4248819883549801","0.104680988409608","0.120786567212802","0.040767232691388197","95.943266817645195","1.40545786307044","0.059286974295349702","0","Islam","6","AFR","DJ","arb","7","DJI","DJ","Africa, East and Southern","Djibouti","1152000","2","11","7","11","2","0","0","1","0","8","1093000","429000","Y","Unreached","https://joshuaproject.net/images/scale1.jpg"
"4","Egypt","0.00083820483244213698","13.287732579649999","0.0102722912513083","4.4970778218695102","0.00096540851386486002","86.034283080419797","0.647992608776081","0.017915826556496199","0","Islam","6","AFR","EG","arb","6","EGY","EG","Africa, North and Middle East","Cairo","114484000","2","43","26","35","2","0","0","12","5","16","12580000","8025000","Y","Partially Reached","https://joshuaproject.net/images/scale4.jpg"
"1","Libya","0.22317536804049201","2.47643606362979","0.16039639334779501","0.15742805142389499","0.030902514822848899","96.630841070137393","0.44865090383224898","0.029597686189443199","0","Islam","6","AFR","LY","arb","6","LBY","LY","Africa, North and Middle East","Tripoli","6964000","2","44","31","33","5","2","0","5","6","15","6102000","5266000","Y","Unreached","https://joshuaproject.net/images/scale1.jpg"
"4","Sierra Leone","0","12.9066091369984","24.480634749491799","4.95601740930171","0.137699633593802","61.1509129237674","1.0141103975654","0.31003315858318597","0","Islam","6","AFR","SL","eng","8","SLE","SL","Africa, West and Central","Freetown","8978000","0","28","10","25","0","1","1","2","8","13","1610000","528000","N","Partially Reached","https://joshuaproject.net/images/scale4.jpg"
"1","Somalia","0","1.3046434773037401","0.031945388815353699","0.84194937966900396","0.055582292367792802","98.587565657588598","0.0160945119969137","0.0041686719275844603","0","Islam","6","AFR","SO","som","7","SOM","SO","Africa, East and Southern","Mogadishu","18707000","2","22","20","19","7","0","0","5","1","6","18584000","1493000","Y","Unreached","https://joshuaproject.net/images/scale1.jpg"
"1","Cambodia","82.254060386769694","3.3812522941896401","5.9223217706931601","1.49583174976361","0.160117988760764","2.3423496910647201","5.3933541398274496","0.54654372869460699","0","Buddhism","2","ASI","CB","khm","2","KHM","KH","Asia, Southeast","Phnom Penh","17122000","1","44","19","34","8","0","2","2","4","18","16400000","281000","Y","Unreached","https://joshuaproject.net/images/scale1.jpg"
"4","China, Hong Kong","1.82573097669086","13.082193103262901","57.027006870504401","6.1111787764952199","0.43239544745856001","2.8203854648300499","22.154861397240499","2.65742674001274","0","Ethnic Religions","4","ASI","HK","cmn","3","HKG","HK","Asia, Northeast","Hong Kong","7497000","1","24","10","22","1","0","1","0","1","19","430000","37000","Y","Partially Reached","https://joshuaproject.net/images/scale4.jpg"
"1","Japan","68.107927487061403","2.16354408014459","24.002417263323299","0.566230145811214","0.019027827780559","0.15651158334770399","5.4691507667613797","0.081420991581086496","0","Buddhism","2","ASI","JA","jpn","3","JPN","JP","Asia, Northeast","Tokyo","122631000","0","38","26","33","10","0","0","2","1","20","120003000","5800","Y","Unreached","https://joshuaproject.net/images/scale1.jpg"
"5","Korea, South","23.7719549235713","30.100274906502499","9.7898089862783504","16.359584303507301","0.108851063963642","0.49158005338986399","31.4621993756957","4.2753306905985697","0","Non-Religious","7","ASI","KS","kor","3","KOR","KR","Asia, Northeast","Seoul","51742000","0","23","11","19","1","0","0","1","0","17","447000","1700","N","Significantly Reached","https://joshuaproject.net/images/scale5.jpg"
"4","Mauritius","0.23830936876466","32.465701732219301","2.1254836710891398","9.7163008450025607","44.9047500809871","17.953458551826099","1.2487206322864799","1.0635759628273","0","Hinduism","5","AFR","MP","eng","7","MUS","MU","Africa, East and Southern","Port Louis","1302000","0","18","8","17","0","0","1","1","2","13","111000","17000","N","Partially Reached","https://joshuaproject.net/images/scale4.jpg"
"4","Singapore","40.429216040847699","12.930792329527501","8.2534032718009893","7.0997977035266997","4.5840793216339799","13.7615925374431","18.8889925272296","1.1519239715171901","0","Buddhism","2","ASI","SN","cmn","2","SGP","SG","Asia, Southeast","Singapore","6053000","0","51","21","39","1","0","2","1","2","33","1065000","78000","N","Partially Reached","https://joshuaproject.net/images/scale4.jpg"
"4","Vietnam","51.469373014471799","10.189106095941399","11.4014104377767","2.1580623569374602","0.086543095691187497","0.62236543520895404","21.078948003729799","5.1522539171801602","0","Buddhism","2","ASI","VM","vie","2","VNM","VN","Asia, Southeast","Hanoi","99498000","2","119","69","113","24","26","5","16","16","26","9351000","324000","Y","Partially Reached","https://joshuaproject.net/images/scale4.jpg"
"5","American Samoa","1.5710424977517501","95.422429497083002","0.35355454608342701","25.1964476062161","0","0.0038693015426476398","1.6515092120737001","0.99759494546544603","0","Christianity","1","SOP","AQ","smo","1","ASM","AS","Australia and Pacific","Pago Pago","44000","0","9","1","8","1","0","0","0","1","6","800",,"N","Significantly Reached","https://joshuaproject.net/images/scale5.jpg"
"4","Aruba","0.30796741158107099","95.498428446339503","1.33207180111928","9.8741596459260403","0","0.00272737655613507","2.7132142993109198","0.14559066509308299","0","Christianity","1","NAR","AA","nld","12","ABW","AW","America, North and Caribbean","Oranjestad","106000","0","9",,"9","1","0","0","0","1","7",,,"N","Partially Reached","https://joshuaproject.net/images/scale4.jpg"
"5","Bermuda","0.00020388983577310899","91.675700473088099","0.0108061612959748","26.706887855872601","0","0","4.9653817359307997","3.34790773984931","0","Christianity","1","NAR","BD","eng","12","BMU","BM","America, North and Caribbean","Hamilton","64000","0","7",,"4","1","0","0","0","0","3",,,"N","Significantly Reached","https://joshuaproject.net/images/scale5.jpg"
"4","Christmas Island","21.1885714285714","14.926349206349199","0","2.2177777777777798","0","46.431746031746002","15.750476190476199","1.70285714285714","0","Islam","6","SOP","KT","eng","1","CXR","CX","Australia and Pacific","The Settlement","1700","0","4","2","4","1","1","0","0","0","2","700","400","N","Partially Reached","https://joshuaproject.net/images/scale4.jpg"
"5","Guam","1.82015991065913","92.512654445658896","1.42490911466996","15.9730723993727","0","0","3.0426448225063001","1.19963170650573","0","Christianity","1","SOP","GQ","eng","1","GUM","GU","Australia and Pacific","Hagatna","174000","0","15","1","15","1","0","2","0","3","9","2500",,"N","Significantly Reached","https://joshuaproject.net/images/scale5.jpg"
"1","Korea, North","0.48601842298752002","1.65814836100037","16.112632106199499","1.5722308475095499","0","0.016032751179382399","68.817030825210196","12.910137533423001","0","Non-Religious","7","ASI","KN","kor","3","PRK","KP","Asia, Northeast","P'yongyang","26245000","2","5","2","5","1","0","0","0","0","4","25927000",,"Y","Unreached","https://joshuaproject.net/images/scale1.jpg"
"3","Liechtenstein","1.32453865713351","77.1057576596762","0.00026182623801012099","0.55868935827396105","0","4.7244530600941603","16.6307444424863","0.214244354371743","0","Christianity","1","EUR","LS","deu","10","LIE","LI","Europe, Western","Vaduz","40000","0","9","2","8","1","0","0","0","2","5","1600","1600","N","Superficially Reached","https://joshuaproject.net/images/scale3.jpg"
"5","Marshall Islands","0.52681419457735201","95.141965709728893","0.46564742822966498","53.306340020351698","0","0.0376295853269537","1.6751370614035099","2.1528060207336499","0","Christianity","1","SOP","RM","eng","1","MHL","MH","Australia and Pacific","Majuro","42000","0","6","1","5","1","0","0","0","0","4","300",,"N","Significantly Reached","https://joshuaproject.net/images/scale5.jpg"
"5","Samoa","0.43613655174717297","95.512719582993796","0.25285325591172098","18.455188816582702","0","0","1.82365555055004","1.9746350587972299","0","Christianity","1","SOP","WS","smo","1","WSM","WS","Australia and Pacific","Apia","229000","0","6","1","4","1","0","0","0","0","3","1500","1500","N","Significantly Reached","https://joshuaproject.net/images/scale5.jpg"
"5","Angola","0.060929579186940197","91.702062475427496","6.2275481029061401","23.159354484361401","0","0.88150114321096296","1.1278583086465901","0.000100390621890898","0","Christianity","1","AFR","AO","por","7","AGO","AO","Africa, East and Southern","Luanda","37805000","0","62","1","59","1","1","11","12","10","24","57000",,"N","Significantly Reached","https://joshuaproject.net/images/scale5.jpg"
"3","Bulgaria","0.022838980465562701","82.3108621066702","0.098738861253516205","1.9934206466677","0","11.7482050139515","5.8150228458500601","0.0043321918090679697","0","Christianity","1","EUR","BU","bul","9","BGR","BG","Europe, Eastern and Eurasia","Sofia","6619000","0","30","7","24","1","0","0","3","2","18","581000","900","N","Superficially Reached","https://joshuaproject.net/images/scale3.jpg"
"5","Chile","0.0263631888339282","87.131468443036496","2.53853171777352","23.0896077321805","0","0.21304169792038","9.2236156603170905","0.866979292118642","0","Christianity","1","LAM","CI","spa","11","CHL","CL","America, Latin","Santiago","19659000","0","29","3","20","1","0","0","2","2","15","22000","4900","N","Significantly Reached","https://joshuaproject.net/images/scale5.jpg"
"2","Czechia","0.21557332952918201","28.0439405629002","0.082838406058219294","0.75647478727184503","0","0.068227180722112701","68.702548704449995","2.88687181634032","0","Non-Religious","7","EUR","EZ","ces","9","CZE","CZ","Europe, Eastern and Eurasia","Prague","10504000","0","38","6","33","1","1","0","1","1","29","12000","7800","N","Minimally Reached","https://joshuaproject.net/images/scale2.jpg"
"1","Gambia","0.000100944116285062","3.6496893820449898","6.2841777774413501","0.90307188719085296","0","89.149518703747006","0.39727898671370399","0.51923420593663105","0","Islam","6","AFR","GA","eng","8","GMB","GM","Africa, West and Central","Banjul","2842000","1","29","14","29","1","0","1","8","7","12","2379000","57000","Y","Unreached","https://joshuaproject.net/images/scale1.jpg"
"5","Guatemala","0.0034479436097130398","95.301164201749998","1.47201815523699","24.962490776369901","0","0.0059964612006449198","3.0924506034525399","0.12492263475009301","0","Christianity","1","NAR","GT","spa","11","GTM","GT","America, Latin","Guatemala City","18358000","0","59","1","26","1","0","0","5","7","13","900","900","N","Significantly Reached","https://joshuaproject.net/images/scale5.jpg"
"1","Mauritania","0.0130943907235217","0.25810218550481301","0.162848478673004","0.11930330713524601","0","99.503260307237099","0.060293999562256798","0.0024006382993123098","0","Islam","6","AFR","MR","arb","8","MRT","MR","Africa, West and Central","Nouakchott","4994000","2","18","14","12","1","0","0","1","4","6","4944000","4276000","Y","Unreached","https://joshuaproject.net/images/scale1.jpg"
"1","Mongolia","41.809835901223998","1.7668875107844999","29.6996328634599","0.86131499287619895","0","3.4190022843237702","23.304641440207899","0","0","Buddhism","2","ASI","MG","khk","3","MNG","MN","Asia, Northeast","Ulaanbaatar","3494000","1","28","22","17","1","0","0","4","1","11","3375000","28000","Y","Unreached","https://joshuaproject.net/images/scale1.jpg"
"5","Nicaragua","0.025733476933737599","96.168386357810903","1.6411407386641299","43.0458257763906","0","0.0080055647511687797","2.1500154866875199","0.0067183751525707203","0","Christianity","1","NAR","NU","spa","11","NIC","NI","America, Latin","Managua","7143000","1","18",,"11","1","0","2","1","0","7",,,"N","Significantly Reached","https://joshuaproject.net/images/scale5.jpg"
"4","Paraguay","0.119185471766022","94.8704808016128","3.10186047520898","8.0230501831786096","0","0.0050099180287078897","1.4324919018196201","0.47097143156386601","0","Christianity","1","LAM","PA","spa","11","PRY","PY","America, Latin","Asunción","6947000","0","42","5","35","1","2","0","2","9","21","13000",,"N","Partially Reached","https://joshuaproject.net/images/scale4.jpg"
"3","Slovenia","2.02296866594334E-05","54.060448022163897","0.0043182027560680703","0.20921335732127999","0","4.4752050773744898","41.458160979235203","0.0018474887836936701","0","Christianity","1","EUR","SI","slv","9","SVN","SI","Europe, Eastern and Eurasia","Ljubljana","2119000","0","16","1","15","1","0","0","1","1","12","90000",,"N","Superficially Reached","https://joshuaproject.net/images/scale3.jpg"
"5","Bolivia","0.067669682020498695","91.893124194811094","2.14829114912009","19.3099792007093","0","7.5246112836432707E-05","2.8662903642418098","3.0245493636936698","0","Christianity","1","LAM","BL","spa","11","BOL","BO","America, Latin","La Paz (administrative)","12567000","0","48","2","39","2","0","1","5","19","12","3100",,"N","Significantly Reached","https://joshuaproject.net/images/scale5.jpg"
"5","Costa Rica","0.19174416943928499","95.6506141083713","0.33811507395653401","18.4389700995645","0","0.0069433833031691903","2.59167059107638","1.22091267385333","0","Christianity","1","NAR","CS","spa","11","CRI","CR","America, Latin","San José","5247000","0","21","1","15","2","0","0","2","5","6","2700",,"N","Significantly Reached","https://joshuaproject.net/images/scale5.jpg"
"5","Dominican Republic","0.10150426133125599","93.813737241302306","3.0323388997751102","10.8518196255351","0","0.00082889702463835103","3.0352547919525898","0.0163359086140401","0","Christianity","1","NAR","DR","spa","12","DOM","DO","America, North and Caribbean","Santo Domingo","11434000","0","13","1","8","0","0","0","0","1","7","1700",,"N","Significantly Reached","https://joshuaproject.net/images/scale5.jpg"
"5","Ecuador","0.0107450831969089","93.690053083162297","0.86455822239389801","10.5789802717463","0","0.0154609657141925","4.5674558809166301","0.851726764616063","0","Christianity","1","LAM","EC","spa","11","ECU","EC","America, Latin","Quito","18377000","0","36","1","27","2","0","1","2","14","8","600","600","N","Significantly Reached","https://joshuaproject.net/images/scale5.jpg"
"5","El Salvador","0.0030086759033949302","94.4530882607758","0.35836733702944701","45.059117712589703","0","0.0276581243602389","4.7792246951909396","0.37865290674020402","0","Christianity","1","NAR","ES","spa","11","SLV","SV","America, Latin","San Salvador","6396000","0","10","1","8","0","0","0","2","1","5","600",,"N","Significantly Reached","https://joshuaproject.net/images/scale5.jpg"
"5","Mexico","0.0080335200623909593","95.299226703383795","1.82866519237634","10.4515340863804","0","0.124953253364398","2.7237620716873701","0.015359259125752299","0","Christianity","1","NAR","MX","spa","11","MEX","MX","America, Latin","Mexico City","129388000","1","343","3","292","43","4","25","47","140","33","107000",,"N","Significantly Reached","https://joshuaproject.net/images/scale5.jpg"
"5","Peru","0.38103179392763298","94.058950969622899","2.7580582811568002","14.4129507428729","0","0.0086966073503522597","2.5384341984065699","0.25482814953580601","0","Christianity","1","LAM","PE","spa","11","PER","PE","America, Latin","Lima","34683000","0","104","14","91","9","1","2","17","43","19","219000","1600","N","Significantly Reached","https://joshuaproject.net/images/scale5.jpg"
"4","Uruguay","0.010752644470633401","66.518342434210297","7.22775518584365","7.30825491488116","0","0.0928524252173374","25.332826686700301","0.81747062355778799","0","Christianity","1","LAM","UY","spa","11","URY","UY","America, Latin","Montevideo","3423000","0","35","1","23","0","0","0","1","0","22","16000","16000","N","Partially Reached","https://joshuaproject.net/images/scale4.jpg"
"1","Algeria","0.019670434809979601","0.076113240226292997","0.020590215110895","0.045811668090711501","0","96.544454374953403","3.3391129970119402","5.8737887464308703E-05","0","Islam","6","AFR","AG","arb","6","DZA","DZ","Africa, North and Middle East","Algiers","46279000","2","38","34","25","4","1","1","5","6","8","46159000","39129000","Y","Unreached","https://joshuaproject.net/images/scale1.jpg"
"4","Chad","0.012078296471584401","25.688798063033801","16.982905964190799","7.3322445440620996","0","56.937200458897998","0.052011825263050197","0.327005392142728","0","Islam","6","AFR","CD","arb","8","TCD","TD","Africa, West and Central","N'Djamena","18847000","2","141","80","128","20","23","12","20","33","20","10356000","6436000","Y","Partially Reached","https://joshuaproject.net/images/scale4.jpg"
"2","China, Macau","15.509715101980399","7.9113313982122602","58.4915576770833","1.9271231540604099","0","0.16567999168012501","15.8295521976837","2.0921636333602298","0","Ethnic Religions","4","ASI","MC","yue","3","MAC","MO","Asia, Northeast","Macau","713000","1","12","5","9","0","0","1","0","0","8","624000","1200","Y","Minimally Reached","https://joshuaproject.net/images/scale2.jpg"
"4","Estonia","0.000164103776813885","47.480343563111802","0.68861428922590595","4.6855172349416003","0","0.18584145969593799","51.644892993384801","0.00014359080471214899","0","Non-Religious","7","EUR","EN","ekk","9","EST","EE","Europe, Eastern and Eurasia","Tallinn","1319000","0","18","3","18","0","0","0","1","2","15","4700","2800","N","Partially Reached","https://joshuaproject.net/images/scale4.jpg"
"4","Hungary","0.060008704218885503","87.045236033353902","1.4415772514566401","3.05738205158395","0","0.46455457607880302","10.975829473386501","0.0127939615052283","0","Christianity","1","EUR","HU","hun","9","HUN","HU","Europe, Eastern and Eurasia","Budapest","9995000","0","28","4","26","0","0","0","3","0","23","75000","70000","N","Partially Reached","https://joshuaproject.net/images/scale4.jpg"
"1","Iraq","0.00069551807916995098","1.4385454056545399","1.4018966546093401","0.28107132657744499","0","95.582365613101601","0.186700085504235","1.3897967230510899","0","Islam","6","ASI","IZ","arb","6","IRQ","IQ","Africa, North and Middle East","Baghdad","46524000","2","37","27","30","4","2","0","6","5","13","45466000","8929000","Y","Unreached","https://joshuaproject.net/images/scale1.jpg"
"4","Laos","60.2228265189461","3.77752132754522","31.616261958647399","2.54108814198052","0","0.035275170746402497","4.24529893707287","0.10281608704206401","0","Buddhism","2","ASI","LA","lao","2","LAO","LA","Asia, Southeast","Vientiane","7737000","2","126","96","98","23","16","14","14","17","14","5800000","805000","Y","Partially Reached","https://joshuaproject.net/images/scale4.jpg"
"5","Micronesia, Federated States","0.47103582531805499","95.382699230066507","2.3166627502151398","22.727379118451701","0","0.0151674111617908","0.96727019572777195","0.847164587510712","0","Christianity","1","SOP","FM","eng","1","FSM","FM","Australia and Pacific","Palikir","116000","0","25","1","24","3","2","6","0","3","10","800",,"N","Significantly Reached","https://joshuaproject.net/images/scale5.jpg"
"3","Montenegro","6.3657780112875601E-05","73.703408470755704","2.1219260037625199E-05","0.279332536016072","0","19.7258164839076","6.5704355371760803","0.00025463112045150203","0","Christianity","1","EUR","MJ","srp","9","MNE","ME","Europe, Eastern and Eurasia","Podgorica","626000","0","16","3","15","0","0","1","2","1","11","56000","600","N","Superficially Reached","https://joshuaproject.net/images/scale3.jpg"
"5","Nauru","1.32324533161623","85.3926271732131","5.1506761107533796","12.616681701692499","0","0","7.66749839021249","0.46595299420476499","0","Christianity","1","SOP","NR","eng","1","NRU","NR","Australia and Pacific","Yaren","13000","0","7",,"7","0","0","0","0","0","7",,,"N","Significantly Reached","https://joshuaproject.net/images/scale5.jpg"
"4","New Caledonia","0.51606378491262805","78.392292771642502","1.9380406746374801","6.1629041223162799","0","0.86699144601724598","17.188889157809601","1.09772216498053","0","Christianity","1","SOP","NC","fra","1","NCL","NC","Australia and Pacific","Noumea","296000","0","44",,"40","12","9","2","2","3","12",,,"N","Partially Reached","https://joshuaproject.net/images/scale4.jpg"
"5","Nigeria","0.00193772548339655","51.573331152972898","5.1246913730447998","25.9815578115847","0","42.955007639769697","0.31686976611369","0.028162342615371799","0","Christianity","1","AFR","NI","eng","8","NGA","NG","Africa, West and Central","Abuja","229152000","2","542","53","515","48","26","196","111","85","49","69928000","2217000","Y","Significantly Reached","https://joshuaproject.net/images/scale5.jpg"
"5","Northern Mariana Islands","7.4617597084894296","75.015629797948804","7.2283772441605798","17.024171451456699","0","0","9.0310548834162407","1.26317836598497","0","Christianity","1","SOP","CQ","eng","1","MNP","MP","Australia and Pacific","Saipan","50000","0","11","1","11","2","0","2","0","2","5","800",,"N","Significantly Reached","https://joshuaproject.net/images/scale5.jpg"
"5","Palau","4.3663543778255303","89.669993117306205","2.50892727508498","20.683364994463901","0","0.30920917736846099","1.71613321171321","1.42938284070166","0","Christianity","1","SOP","PS","eng","1","PLW","PW","Australia and Pacific","Ngerulmud","18000","0","7","1","6","0","0","2","0","1","3","1100",,"N","Significantly Reached","https://joshuaproject.net/images/scale5.jpg"
"3","Slovakia","0.087904184032547197","92.577576117261202","0.125727819154384","1.4644928578049601","0","0.048386868979727403","7.1535172163456897","0.0068877942264111598","0","Christianity","1","EUR","LO","slk","9","SVK","SK","Europe, Eastern and Eurasia","Bratislava","5703000","0","29","2","27","0","0","0","2","0","25","3900","2600","N","Superficially Reached","https://joshuaproject.net/images/scale3.jpg"
"5","South Sudan","0.0016753630186964201","56.625669758176898","34.7509243461758","10.825948686492801","0","8.5032523439317007","0.118203539021736","0.00027464967519613399","0","Christianity","1","AFR","OD","eng","7","SSD","SS","Africa, East and Southern","Juba","11277000","1","80","6","71","7","10","13","10","20","11","584000",,"N","Significantly Reached","https://joshuaproject.net/images/scale5.jpg"
"1","Sudan","0.0017864106287258099","2.30025070787423","4.30498438430243","0.480381255181073","0","93.388809556293495","0.0038760866997229401","0.00029285420143045998","0","Islam","6","AFR","SU","arb","7","SDN","SD","Africa, East and Southern","Khartoum","49358000","2","200","169","92","16","9","22","14","15","16","46784000","30109000","Y","Unreached","https://joshuaproject.net/images/scale1.jpg"
"4","Taiwan","27.261024875590198","6.2754911945423499","60.799844177849202","3.3201448201560999","0","1.2048994429058899","3.0286138431534702","1.4301264659589099","0","Ethnic Religions","4","ASI","TW","cmn","3","TWN","TW","Asia, Northeast","Taipei","23950000","0","36","8","24","2","1","0","0","3","18","4482000","58000","Y","Partially Reached","https://joshuaproject.net/images/scale4.jpg"
"1","Tunisia","0.00060824203454208495","0.44882056644603502","0.16102491455096801","0.029823302398899802","0","98.975831729701596","0.41316382059915202","0.00055072666775578499","0","Islam","6","AFR","TS","arb","6","TUN","TN","Africa, North and Middle East","Tunis","12565000","2","15","12","9","2","1","0","2","2","2","12438000","27000","Y","Unreached","https://joshuaproject.net/images/scale1.jpg"
"1","Türkiye (Turkey)","0.0031256967854500699","0.56276024083657905","0.0288140214915939","0.041557477127563199","0","96.284914482873504","3.1115775085180299","0.0088080494948878894","0","Islam","6","ASI","TU","tur","5","TUR","TR","Asia, Central","Ankara","86260000","2","85","57","69","5","0","1","7","16","40","85454000","82841000","Y","Unreached","https://joshuaproject.net/images/scale1.jpg"
"4","Benin","0","31.545480090475799","37.708117638801198","7.4510324824030496","0","30.226723393694499","0.20382069220134399","0.31585818482719702","0","Ethnic Religions","4","AFR","BN","fra","8","BEN","BJ","Africa, West and Central","Porto-Novo","14080000","0","63","13","61","0","5","8","12","16","20","2628000","409000","Y","Partially Reached","https://joshuaproject.net/images/scale4.jpg"
"5","Burkina Faso","0","21.174299726948298","23.091584747899098","10.598744320026899","0","55.006590246494","0.69858717180858398","0.028938106850073201","0","Islam","6","AFR","UV","fra","8","BFA","BF","Africa, West and Central","Ouagadougou","23840000","2","80","27","79","5","7","6","13","30","18","5527000","519000","Y","Significantly Reached","https://joshuaproject.net/images/scale5.jpg"
"4","Cape Verde","0","84.784841219874394","0.882407652770826","8.1916259165111391","0","12.597621291242101","0.81818384002258204","0.91694599609018101","0","Christianity","1","AFR","CV","por","8","CPV","CV","Africa, West and Central","Praia","604000","0","5","1","5","0","0","1","1","1","2","73000","73000","N","Partially Reached","https://joshuaproject.net/images/scale4.jpg"
"5","Central African Republic","0","71.1534947815545","11.0956684544669","31.8579308746118","0","16.668057520631201","0.64099912571637696","0.44178011763102498","0","Christianity","1","AFR","CT","fra","8","CAF","CF","Africa, West and Central","Bangui","5916000","2","81","6","80","5","26","11","12","16","10","501000","370000","N","Significantly Reached","https://joshuaproject.net/images/scale5.jpg"
"5","Congo, Republic of the","0","85.437680946004704","12.643798828203799","14.696826064887899","0","0.603931207695933","0.68279308535054695","0.63179593274510204","0","Christianity","1","AFR","CF","fra","8","COG","CG","Africa, West and Central","Brazzaville","6245000","0","72","1","72","4","11","10","21","11","15","13000","13000","N","Significantly Reached","https://joshuaproject.net/images/scale5.jpg"
"4","Eritrea","0","50.481362993874598","1.5431021248791399","2.59459627632847","0","46.102622746085203","1.87291213516111","0","0","Christianity","1","AFR","ER","tir","7","ERI","ER","Africa, East and Southern","Asmara","3818000","2","17","9","17","1","1","1","4","3","7","1528000","1130000","Y","Partially Reached","https://joshuaproject.net/images/scale4.jpg"
"5","Gabon","0","74.713449665471501","14.4325366631656","11.848946747736001","0","9.0895304458079593","1.76380192503119","0.00068130052378997095","0","Christianity","1","AFR","GB","fra","8","GAB","GA","Africa, West and Central","Libreville","2485000","0","51","5","51","14","4","1","18","4","10","69000","25000","N","Significantly Reached","https://joshuaproject.net/images/scale5.jpg"
"3","Georgia","0","80.445801436899998","0.36755618587981997","1.3884376328812","0","9.4442787547610703","9.7413416608760102","0.00102196158304738","0","Christianity","1","EUR","GG","kat","9","GEO","GE","Europe, Eastern and Eurasia","T'bilisi","3717000","0","39","16","36","8","0","2","3","3","20","271000","263000","N","Superficially Reached","https://joshuaproject.net/images/scale3.jpg"
"1","Guinea","0","4.20158702616936","7.4694835542634603","0.67549529488845494","0","88.311291488745994","0.0112039443499837","0.0064339864711658902","0","Islam","6","AFR","GV","fra","8","GIN","GN","Africa, West and Central","Conakry","14529000","1","47","29","44","0","5","8","5","14","12","12564000","9365000","Y","Unreached","https://joshuaproject.net/images/scale1.jpg"
"4","Guinea-Bissau","0","11.700833355205599","35.3541522022118","2.0361810758594001","0","51.5560308660991","1.38743640359662","0.0015471728869002801","0","Islam","6","AFR","PU","por","8","GNB","GW","Africa, West and Central","Bissau","2197000","0","35","19","31","0","2","4","9","9","7","1039000","445000","Y","Partially Reached","https://joshuaproject.net/images/scale4.jpg"
"5","Liberia","0","40.009874186720303","42.369738832954397","11.6554900811536","0","16.397726322867999","0.83216785072676902","0.39049280673054598","0","Ethnic Religions","4","AFR","LI","eng","8","LBR","LR","Africa, West and Central","Monrovia","5537000","0","39","5","37","1","1","7","5","13","10","626000","158000","N","Significantly Reached","https://joshuaproject.net/images/scale5.jpg"
"1","Mali","0","2.78452396594458","9.1126023974820693","0.66260108976395005","0","87.889236683310301","0.213570207198893","6.6746064128482798E-05","0","Islam","6","AFR","ML","fra","8","MLI","ML","Africa, West and Central","Bamako","24016000","2","74","44","69","2","20","7","12","19","9","21832000","6765000","Y","Unreached","https://joshuaproject.net/images/scale1.jpg"
"1","Morocco","0","0.19105657623410499","0.019215513286805298","0.106772967170134","0","99.624283313743007","0.0393035027418338","0.12614109399427001","0","Islam","6","AFR","MO","arb","6","MAR","MA","Africa, North and Middle East","Rabat","38211000","2","31","27","18","2","0","1","5","5","5","37983000","33828000","Y","Unreached","https://joshuaproject.net/images/scale1.jpg"
"5","Namibia","0","88.594950409639793","8.2102413100413401","12.475218696044699","0","0.111585900645256","2.49408679185116","0.58913558782248698","0","Christianity","1","AFR","WA","eng","7","NAM","NA","Africa, East and Southern","Windhoek","2646000","0","34",,"32","0","1","5","5","8","13",,,"N","Significantly Reached","https://joshuaproject.net/images/scale5.jpg"
"1","Tajikistan","0","0.41795234482376298","0.018685929890192601","0.068898186023755095","0","99.429515487713402","0.105784122333725","0.0280621152388984","0","Islam","6","ASI","TI","tgk","5","TJK","TJ","Asia, Central","Dushanbe","10332000","2","39","31","32","6","1","1","7","0","17","10226000","8915000","Y","Unreached","https://joshuaproject.net/images/scale1.jpg"
"4","Armenia","0","92.457077254667794","1.2148102974298201","9.3097676952327504","0","0.54289355422964003","5.7446019636601804","0.040616930012591597","0","Christianity","1","EUR","AM","hye","5","ARM","AM","Asia, Central","Yerevan","2778000","0","16","3","14","2","0","0","1","0","11","49000","47000","N","Partially Reached","https://joshuaproject.net/images/scale4.jpg"
"1","Azerbaijan","0","2.5256823518825402","0.17162003091578901","0.222449433019452","0","85.913352942403904","11.248709732569401","0.14063494222838499","0","Islam","6","ASI","AJ","azj","5","AZE","AZ","Asia, Central","Baku","10463000","2","41","26","37","6","0","0","7","4","20","10019000","1384000","Y","Unreached","https://joshuaproject.net/images/scale1.jpg"
"3","Belarus","0","69.387280278543301","0.146602096745892","1.69160466764668","0","0.64593050330275303","29.818064790242801","0.0021223311651638898","0","Christianity","1","EUR","BO","bel","9","BLR","BY","Europe, Eastern and Eurasia","Minsk","9455000","0","26","6","26","1","0","0","1","2","22","35000","26000","N","Superficially Reached","https://joshuaproject.net/images/scale3.jpg"
"2","Bosnia-Herzegovina","0","40.967914092953301","0.011619535406568701","0.072997799925981793","0","49.757279641203198","9.2631867304370008","0","0","Islam","6","EUR","BK","bos","9","BIH","BA","Europe, Eastern and Eurasia","Sarajevo","3194000","0","16","3","14","1","0","0","1","0","12","1609000","1607000","N","Minimally Reached","https://joshuaproject.net/images/scale2.jpg"
"1","Israel","0","1.33653233717582","75.829991375651502","0.70204428754854797","0","17.938696400366101","4.0062426828692699","0.88853720393730595","0","Ethnic Religions","4","ASI","IS","heb","6","ISR","IL","Africa, North and Middle East","Jerusalem","9312000","0","48","37","38","8","0","0","8","2","20","8935000","1215000","Y","Unreached","https://joshuaproject.net/images/scale1.jpg"
"1","Jordan","0","2.2792457062259901","0.00052327465455904196","0.26575446111564599","0","96.259430571812601","0.91175331540092097","0.54904713190594201","0","Islam","6","ASI","JO","arb","6","JOR","JO","Africa, North and Middle East","Amman","11385000","1","20","13","16","0","0","0","5","3","8","10525000","2107000","Y","Unreached","https://joshuaproject.net/images/scale1.jpg"
"4","Latvia","0","60.029793519363402","0.21556185793986901","7.5143249601701703","0","1.268303622093","37.847039203402801","0.63930179720092395","0","Christianity","1","EUR","LG","lvs","9","LVA","LV","Europe, Eastern and Eurasia","Riga","1810000","0","21","4","18","0","0","0","1","1","16","9300","6600","N","Partially Reached","https://joshuaproject.net/images/scale4.jpg"
"2","Lebanon","0","32.876336165581598","0","0.71267866641580302","0","59.0080057145937","2.51412206597761","5.6015360538471199","0","Islam","6","ASI","LE","arb","6","LBN","LB","Africa, North and Middle East","Beirut","5219000","1","25","7","20","1","0","0","3","4","12","721000","424000","Y","Minimally Reached","https://joshuaproject.net/images/scale2.jpg"
"3","Lithuania","0","84.830066509911802","0.088538229196622006","1.3995036180056499","0","0.085524205841279094","14.995244952926599","0.00062610212370851101","0","Christianity","1","EUR","LH","lit","9","LTU","LT","Europe, Eastern and Eurasia","Vilnius","2693000","0","14","4","13","0","0","0","1","0","12","5100","3000","N","Superficially Reached","https://joshuaproject.net/images/scale3.jpg"
"3","Malta","0","96.227732421590403","0.0223130943245947","1.5617622470516901","0","2.0280395908812801","1.7217479820889099","0.000166911114780531","0","Christianity","1","EUR","MT","mlt","10","MLT","MT","Europe, Western","Valletta","537000","0","10","3","8","0","0","0","1","0","7","2400","2400","N","Superficially Reached","https://joshuaproject.net/images/scale3.jpg"
"4","Moldova","0","75.901964636893496","0.041277193536998297","4.6074490648564099","0","3.5271378033634599","20.5289555363392","0.00066482986685844204","0","Christianity","1","EUR","MD","ron","9","MDA","MD","Europe, Eastern and Eurasia","Chisinau","3330000","0","23","6","22","0","0","0","1","1","20","11000","4900","N","Partially Reached","https://joshuaproject.net/images/scale4.jpg"
"3","Monaco","0","82.299548622064194","2.6893349774884601","1.2698827711144001","0","0.87369734163058099","14.0243107453185","0.113108313498322","0","Christianity","1","EUR","MN","fra","10","MCO","MC","Europe, Western","Monaco","36000","0","14","1","13","1","0","0","2","1","9","700","700","N","Superficially Reached","https://joshuaproject.net/images/scale3.jpg"
"3","North Macedonia","0","61.9205358395592","0.00442786630315797","0.16682436296526601","0","36.377506376187199","1.69662066461218","0.00090925333830340499","0","Christianity","1","EUR","MK","mkd","9","MKD","MK","Europe, Eastern and Eurasia","Skopje","2083000","0","22","9","18","3","0","0","2","1","12","640000","604000","N","Superficially Reached","https://joshuaproject.net/images/scale3.jpg"
"2","Syria","0","5.4239609083721598","0.057787218806295601","0.17479994592583301","0","89.769803973962794","1.57000964974058","3.1784382491181198","0","Islam","6","ASI","SY","arb","6","SYR","SY","Africa, North and Middle East","Damascus","24348000","2","37","18","30","1","0","0","4","8","17","8441000","5320000","Y","Minimally Reached","https://joshuaproject.net/images/scale2.jpg"
"1","West Bank / Gaza","0","2.5101943687712698","10.159544462287901","1.1127659141634301","0","85.215013491515904","0.142874386828131","1.9723732905968101","0","Islam","6","ASI","WE","ajp","6","PSE","PS","Africa, North and Middle East",,"5495000","1","12","8","10","1","0","0","3","3","3","5421000","470000","Y","Unreached","https://joshuaproject.net/images/scale1.jpg"
"1","Western Sahara","0","0.026507472238283501","0","0.00074968936722742696","0","99.937078399382301","0","0.036414128379439303","0","Islam","6","AFR","WI","ary","6","ESH","EH","Africa, North and Middle East",,"598000","2","10","10","3","1","0","0","0","2","0","529000","520000","Y","Unreached","https://joshuaproject.net/images/scale1.jpg"
"2","Albania","0","33.677352041501102","5.05485577878027E-05","0.61188996845870702","0","54.476169848021499","11.8457198821106","0.00070767980902923804","0","Islam","6","EUR","AL","aln","9","ALB","AL","Europe, Eastern and Eurasia","Tirana","2826000","0","15","3","11","0","1","0","1","1","8","39000","1700","Y","Minimally Reached","https://joshuaproject.net/images/scale2.jpg"
"4","Cocos (Keeling) Islands","0","18.808011303877699","0","2.6868587576968102","0","73.131412423031904","8.0605762730904296","0","0","Islam","6","SOP","CK","eng","1","CCK","CC","Australia and Pacific","West Island","600","0","2","1","2","0","1","0","0","0","1","400","400","N","Partially Reached","https://joshuaproject.net/images/scale4.jpg"
"1","Kosovo","0","4.2233300577885","0","0.199859196780513","0","90.017042491255296","5.75962745095622","0","0","Islam","6","EUR","KV","aln","9","XKV","XK","Europe, Eastern and Eurasia","Pristina","1667000","1","10","5","8","0","1","0","0","1","6","1559000","40000","N","Unreached","https://joshuaproject.net/images/scale1.jpg"
"1","Mayotte","0","1.62581056504379","0.45572016878746002","0.092375824133968706","0","97.578809887146505","0.25287658387560102","0.086782795146613995","0","Islam","6","AFR","MF","fra","7","MYT","YT","Africa, East and Southern","Mamoudzou","346000","1","8","6","8","1","1","0","0","3","3","330000","98000","N","Unreached","https://joshuaproject.net/images/scale1.jpg"
"1","Niger","0","1.57112889770389","5.1217293266719199","0.97084705278051797","0","93.263806458623407","0.0377104368505023","0.0056248801502067703","0","Islam","6","AFR","NG","fra","8","NER","NE","Africa, West and Central","Niamey","28239000","2","38","30","32","3","5","0","5","10","9","27643000","5112000","Y","Unreached","https://joshuaproject.net/images/scale1.jpg"
"3","Serbia","0","78.271817846485703","0.14678629866614601","0.72255256279457702","0","17.2730048784831","4.2746753172186596","0.033715659146410101","0","Christianity","1","EUR","RI","srp","9","SRB","RS","Europe, Eastern and Eurasia","Belgrade","7097000","1","35","6","31","2","1","0","2","3","23","165000","5500","N","Superficially Reached","https://joshuaproject.net/images/scale3.jpg"
"5","Togo","0","45.070472750416002","38.024090711589402","10.9287288855871","0","15.987173535844301","0.38770531954901499","0.53055768260140301","0","Christianity","1","AFR","TO","fra","8","TGO","TG","Africa, West and Central","Lomé","9261000","0","56","8","56","0","4","0","12","20","20","678000","14000","N","Significantly Reached","https://joshuaproject.net/images/scale5.jpg"
"4","French Polynesia","0","83.473012922902996","1.45427191996477","6.0910829080972597","0","1.03939973575753","13.969401773448199","0.063913647926485406","0","Christianity","1","SOP","FP","fra","1","PYF","PF","Australia and Pacific","Papeete","311000","0","13",,"11","2","1","0","4","1","3",,,"N","Partially Reached","https://joshuaproject.net/images/scale4.jpg"
"5","Haiti","0","94.843055341178498","2.9921071615201198","17.533715443183802","0","0.034160663498375599","2.03128724067725","0.099389593125762996","0","Christianity","1","NAR","HA","fra","12","HTI","HT","America, North and Caribbean","Port-au-Prince","11867000","0","6",,"6","1","0","0","1","0","4",,,"N","Significantly Reached","https://joshuaproject.net/images/scale5.jpg"
"4","São Tomé and Príncipe","0","86.173901770801393","9.0463150202815594","5.9688601204359397","0","3.6011116508163798","1.1091684562157","0.069503101884991605","0","Christianity","1","AFR","TP","por","8","STP","ST","Africa, West and Central","São Tomé","236000","0","6",,"6","2","2","0","1","0","1",,,"N","Partially Reached","https://joshuaproject.net/images/scale4.jpg"
"4","Svalbard","0","90.904124074726795","0","6.6413817412759997","0","1.18082481494536","7.3246387028551299","0.59041240747268198","0","Christianity","1","EUR","SV","nor","10","SJM","SJ","Europe, Western","Longyearbyen","2900","0","2",,"2","0","0","0","0","0","2",,,"N","Partially Reached","https://joshuaproject.net/images/scale4.jpg"
"4","Greenland","0","95.294424873805198","0.98399205241112697","7.6655723219772298","0","0","3.3209537106648099","0.40062936311889202","0","Christianity","1","NAR","GL","kal","12","GRL","GL","America, North and Caribbean","Nuuk (Godthrab)","57000","0","4",,"4","1","0","0","0","0","3",,,"N","Partially Reached","https://joshuaproject.net/images/scale4.jpg"
"5","Turks and Caicos Islands","0","90.681838655462201","3","31.9491473389356","0","0","6.3181613445378204","0","0","Christianity","1","NAR","TK","eng","12","TCA","TC","America, North and Caribbean","Cockburn Town","46000","0","4",,"4","1","1","0","0","0","2",,,"N","Significantly Reached","https://joshuaproject.net/images/scale5.jpg"
"3","Wallis and Futuna Islands","0","98.464819776690504","0.61019193887910805","1.7733104995397","0","0","0.58212007606597205","0.34286820836436799","0","Christianity","1","SOP","WF","fra","1","WLF","WF","Australia and Pacific","Mata'utu","11000","0","3",,"3","0","0","0","0","0","3",,,"N","Superficially Reached","https://joshuaproject.net/images/scale3.jpg"
"5","Cook Islands","0","97.688925704629099","0","13.5609180697934","0","0","1.8872382159454399","0.423836079425433","0","Christianity","1","SOP","CW","eng","1","COK","CK","Australia and Pacific","Avarua","17000","0","7",,"6","2","1","0","0","0","3",,,"N","Significantly Reached","https://joshuaproject.net/images/scale5.jpg"
"4","Falkland Islands","0","64.064524624703694","0","8.9635424438205291","0","0","34.3118251250988","1.6236502501975201","0","Christianity","1","LAM","FK","eng","11","FLK","FK","America, Latin","Stanley","4000","0","2",,"1","0","0","0","0","0","1",,,"N","Partially Reached","https://joshuaproject.net/images/scale4.jpg"
"5","Faroe Islands","0","90.9198643448143","0","33.036062679114401","0","0","9.0794727727535101","0.00066288243217240697","0","Christianity","1","EUR","FO","dan","10","FRO","FO","Europe, Western","Torshavn","53000","0","3",,"3","1","0","0","0","0","2",,,"N","Significantly Reached","https://joshuaproject.net/images/scale5.jpg"
"4","Isle of Man","0","99.092067885497897","0","7.7745647898608796","0","0","0.90793211450214895","0","0","Christianity","1","EUR","IM","eng","10","IMN","IM","Europe, Western","Douglas","85000","0","3",,"2","1","0","0","0","0","1",,,"N","Partially Reached","https://joshuaproject.net/images/scale4.jpg"
"4","Kiribati (Gilbert)","0","98.409853630464298","0","8.5159827783528108","0","0","0.55613987263654496","1.03400649689921","0","Christianity","1","SOP","KR","eng","1","KIR","KI","Australia and Pacific","Tarawa","136000","0","5",,"4","1","0","0","0","0","3",,,"N","Partially Reached","https://joshuaproject.net/images/scale4.jpg"
"5","Montserrat","0","94.929381443298993","0","27.5861419800232","0","0","3.13969072164948","1.93092783505155","0","Christianity","1","NAR","MH","eng","12","MSR","MS","America, North and Caribbean","Plymouth","4000","0","2",,"2","0","0","0","1","0","1",,,"N","Significantly Reached","https://joshuaproject.net/images/scale5.jpg"
"4","Niue","0","95.919087136929505","0","5.3361108559568997","0","0","3.08091286307054","1","0","Christianity","1","SOP","NE","eng","1","NIU","NU","Australia and Pacific","Alofi","2000","0","2",,"1","0","0","0","0","0","1",,,"N","Partially Reached","https://joshuaproject.net/images/scale4.jpg"
"5","Norfolk Island","0","72.463898916967494","0","20.307460890493399","0","0","27.536101083032499","0","0","Christianity","1","SOP","NF","eng","1","NFK","NF","Australia and Pacific","Kingston","1800","0","3",,"2","0","1","0","0","0","1",,,"N","Significantly Reached","https://joshuaproject.net/images/scale5.jpg"
"4","Pitcairn Islands","0","96","0","10","0","0","3","1","0","Christianity","1","SOP","PC","eng","1","PCN","PN","Australia and Pacific","Adamstown","50","0","1",,"1","0","1","0","0","0","0",,,"N","Partially Reached","https://joshuaproject.net/images/scale4.jpg"
"4","Saint Helena","0","95","0","8.8000000000000007","0","0","5","0","0","Christianity","1","AFR","SH","eng","7","SHN","SH","Africa, East and Southern","Jamestown","5000","0","1",,"1","0","0","0","0","0","1",,,"N","Partially Reached","https://joshuaproject.net/images/scale4.jpg"
"3","Saint Pierre and Miquelon","0","96.479958890030801","0","0.633693045563549","0","0","3.5200411099691702","0","0","Christianity","1","NAR","SB","fra","12","SPM","PM","America, North and Caribbean","Saint-Pierre","6000","0","2",,"2","0","0","0","0","0","2",,,"N","Superficially Reached","https://joshuaproject.net/images/scale3.jpg"
"3","San Marino","0","84.002902446165606","0","0.074069739732054898","0","0","15.0005182939581","0.99657925987622797","0","Christianity","1","EUR","SM","ita","10","SMR","SM","Europe, Western","San Marino","34000","0","1",,"1","0","0","0","0","0","1",,,"N","Superficially Reached","https://joshuaproject.net/images/scale3.jpg"
"4","Tokelau","0","100","0","3.3999999999999999","0","0","0","0","0","Christianity","1","SOP","TL","tkl","1","TKL","TK","Australia and Pacific",,"2000","0","1",,"1","0","0","0","0","1","0",,,"N","Partially Reached","https://joshuaproject.net/images/scale4.jpg"
"5","Tuvalu","0","98","0","22.942249036157499","0","0","0.98969941005712103","1.0103005899428801","0","Christianity","1","SOP","TV","tvl","1","TUV","TV","Australia and Pacific","Funafuti","11000","0","2",,"2","0","0","0","0","0","2",,,"N","Significantly Reached","https://joshuaproject.net/images/scale5.jpg"
"4","Vatican City","0","100","0","2.5","0","0","0","0","0","Christianity","1","EUR","VT","lat","10","VAT","VA","Europe, Western",,"1000","0","1",,"1","0","0","0","0","0","1",,,"N","Partially Reached","https://joshuaproject.net/images/scale4.jpg"
