title,description,category,url,image,provider,datePublished,sentiment
"Israel-Gaza live updates: Hezbollah fires 'hundreds' of rockets amid Israeli strikes","As the Israel-Hamas war continues, cease-fire discussions are occurring in the Middle East, with officials hoping to bring an end to the conflict. The United States and its allies continue to plead for a cease-fire deal, with discussions set for this week.","World","https://abcnews.go.com/International/live-updates/israel-hamas-cease-fire-talks-hostages-war/?entryId=113132298&id=112935700","https://www.bing.com/th?id=OVFT.6uj6R348iufCnrJw3LA0ti&pid=News","ABC","2024-08-25","negative"
"Telegram’s Toncoin (TON) launches exclusively on Altify. Invest in TON with ZAR, USDT and more.","Telegram’s Toncoin is one of the fastest-growing blockchains in the world – and Altify is now the only South African platform to have it listed.","ScienceAndTechnology","https://businesstech.co.za/news/industry-news/788156/telegrams-toncoin-ton-launches-exclusively-on-altify-invest-in-ton-with-zar-usdt-and-more/","https://www.bing.com/th?id=OVFT.7s3VXsoCV7rkifcFSm5J4C&pid=News","businesstech.co.za","2024-08-26","neutral"
"New COVID-19 vaccines were just approved: Everything you need to know","The newest formula is targeted at what's expected to be the dominant strain of the virus, much like is done for the flu, according to the FDA.","Health","https://chicago.suntimes.com/health/2024/08/23/covid-vaccines-approved-kp2-strain-what-you-need-to-know","https://www.bing.com/th?id=OVFT.ldxgKhHqhaLeW8S3LqgGYC&pid=News","Chicago Sun-Times","2024-08-23","negative"
"Israel and Hezbollah trade fire in major flare-up","Hezbollah had vowed to retaliate against Israel after a string of figures in Iran-backed militant groups were killed over a span of weeks, raising fears of a wider Middle East conflict. Follow for live news updates.","World","https://edition.cnn.com/world/live-news/israel-hamas-iran-hezbollah-intl-latam","https://www.bing.com/th?id=OVFT.rVpBPdpcKFFRMBc9Ar-E0i&pid=News","CNN","2024-08-25","negative"
"Get Your PC Ready for Black Myth: Wukong with the Best GPUs in 2024","Wukong is the latest action role-playing game (RPG) to hit PC, PS5, and Xbox Series consoles and there has been a lot of hype around it. The so-called souls-like genre of games does invoke a sense of challenge and opportunity,","ScienceAndTechnology","https://gamerant.com/best-gpus-for-black-myth-wukong/","https://www.bing.com/th?id=OVFT.OoGtyP0eMIyE5n25lQJsui&pid=News","Game Rant","2024-08-23","neutral"
"Centre announces Unified Pension Scheme: How will UPS differ from OPS, NPS?","Former Finance Secretary T V Somanathan, who led the committee which came up with the UPS, said that the latest pension scheme incorporates the best elements of both the NPS and the OPS. Here is how i","Business","https://indianexpress.com/article/explained/centre-announced-unified-pension-scheme-how-will-ups-differ-from-ops-nps-9531351/","https://www.bing.com/th?id=OVFT.9RkNLjq0ixOtA2kqGCG4Sy&pid=News","The Indian Express","2024-08-24","neutral"
"King Charles releases first statement after Kate Middleton’s latest appearance","King Charles III made a huge announcement right after his beloved daughter-in-law Kate Middleton made a rare public appearance at Crathie Church in Balmoral on Sunday.The monarch and his wife Queen Camilla were accompanied by","Entertainment","https://jang.com.pk/en/19213-king-charles-releases-first-statement-after-kate-middletons-latest-appearance-news","https://www.bing.com/th?id=OVFT.zd5CVv5SLMhhW0SRDX8_2i&pid=News","Daily Jang","2024-08-26","positive"
"Middle East latest: 'Great peril remains' as Israel and Hezbollah 'trade messages' after exchanging fire","Hezbollah and Israel are said to have \"traded messages\" warning one another against further escalation after the two sides exchanged fire - but Sky's Alex Rossi says great peril remains. In the video below,","World","https://news.sky.com/story/middle-east-latest-great-peril-remains-as-israel-and-hezbollah-trade-messages-after-exchanging-fire-12978800","https://www.bing.com/th?id=OVFT.yHiworf0yq29L7E_36NvsC&pid=News","Sky","2024-08-26","neutral"
"UK weather latest: Watch tents fly across festival as 70mph winds hit UK - with more warnings for weekend","A lorry driving across the Humber Bridge had a near miss today as strong winds nearly toppled it over. The video, posted on Facebook, shows the vehicle's rear wheels lift on one side as the strength of the wind pushes it towards the edge of the suspension ...","US","https://news.sky.com/story/uk-weather-latest-watch-tents-fly-across-festival-as-70mph-winds-hit-uk-with-more-warnings-for-weekend-13201665","https://www.bing.com/th?id=OVFT.LBuTfkcpRLQfwU-XwjPBlS&pid=News","Sky","2024-08-23","negative"
"What is the energy price cap? And why is it important?","But the latest increase - which means households paying by direct debit will pay £12 per month more - means the cap will remain around £500 up on the average annual bill levels seen before Russia's invasion of Ukraine. But what is the energy price cap?","Business","https://news.sky.com/story/what-is-the-energy-price-cap-and-why-is-it-important-13201680","https://www.bing.com/th?id=OVFT.jKYL7gPaKK2m8pQEsJ7fXy&pid=News","Sky","2024-08-23","neutral"
"Powerball winning numbers for Saturday, Aug. 24. Check tickets for $34 million jackpot","Prizes vary from $4 for the matching the Powerball to $1 million for matching all five white balls (except in California) to the jackpot for matching all six balls. You can check all the prize payouts on the Powerball website here.","US","https://news.yahoo.com/news/powerball-winning-numbers-saturday-aug-030204823.html","https://www.bing.com/th?id=OVFT.bUQg7Tttk8Slb3jh-8vkQy&pid=News","YAHOO!News","2024-08-25","neutral"
"Kamala Harris-backed bail fund set loose criminals who went on to be hit with murder, DUI death and arson charges","and we have used that support to advance our mission during the years since,” said Noble Frank, the group’s communications director. Despite their huge influx of cash, MFF listed a loss of $6.7 million on its 2022 federal filings, the latest available.","US","https://nypost.com/2024/08/22/us-news/kamala-harris-backed-bail-funds-fails-continue/","https://www.bing.com/th?id=OVFT.0jQUoGHLrzCEzTW6cJYVLS&pid=News","New York Post","2024-08-22","neutral"
"Man Was Killed by Police on Campus of Texas High School, Leading to Cancellation of Classes","A Texas police officer fatally shot a man at a high school in El Paso, leading to cancellation of school for the day. The Thursday, Aug. 22 shooting was reported by KTSM, CBS4 and the El Paso Times, who cited El Paso Independent School District Police Chief Manuel Chavira.","US","https://people.com/police-shooting-outside-texas-high-school-cancellation-classes-8700010","https://www.bing.com/th?id=OVFT.dsxtabvZCS57YrRVEHQtWy&pid=News","People","2024-08-22","negative"
"Trump’s latest attacks target Harris on immigration, crime","Former President Trump took to social media early Saturday to continue his attacks on Vice President Harris, targeting the vice president on immigration policies put in place under the Biden","Politics","https://thehill.com/homenews/campaign/4845774-donald-trump-kamala-harris-joe-biden-policy-2024/","https://www.bing.com/th?id=OVFT.tp1fY-0WIxwNG0TVekFGmS&pid=News","The Hill","2024-08-24","negative"
"Samsung Galaxy Watch 7 vs. Galaxy Watch 6: Similar software, different hardware","The Samsung Galaxy Watch 7 features real-world improvements over the Galaxy Watch 6 that can’t be added through software updates","ScienceAndTechnology","https://www.androidpolice.com/samsung-galaxy-watch-7-vs-galaxy-watch-6/","https://www.bing.com/th?id=OVFT.i3yvX_7xruy_HQ8JRNXT-C&pid=News","Android Police","2024-08-25","positive"
"Doctors take on charity ice swim in polar regions","Two doctors are risking hypothermia and predators to swim a kilometre in the ice-cold waters of the Arctic and Antarctic. Adam Baker and Charlie Fleury, who are raising money for Somerset charity Weston Hospicecare, are no strangers to extreme challenges, having already rowed across the Atlantic.","Health","https://www.bbc.com/news/articles/cx2gpwl57epo","https://www.bing.com/th?id=OVFT.8P6XooeP9383SSHo3Xi3ry&pid=News","BBC","2024-08-24","negative"
"German authorities don't rule out terrorism after knife attack kills at least 3, injures 8","Multiple people were killed and several more injured in a knife attack on Friday at a festival in the city of Solingen in western Germany, according to German police. Düsseldorf police spokesperson Anja Kynast told CBS News that at least three people were killed and at least four others wounded in the attack.","US","https://www.cbsnews.com/news/germany-solingen-festival-fatal-attack/","https://www.bing.com/th?id=OVFT.6xg0F8OYYrmcl7rMm666yC&pid=News","CBS News","2024-08-25","negative"
"Taylor Swift fake posted by Trump highlights challenges in AI misuse regulation","When former President Donald Trump reposted a fake image of Taylor Swift striking a pose like the iconic Uncle Sam recruiting poster, it pushed to the forefront a topic that goes beyond politics: unauthorized digital replicas.","Politics","https://www.cnn.com/2024/08/24/us/ai-content-laws-taylor-swift-trump/index.html","https://www.bing.com/th?id=OVFT.NrVJC2KJjgX9f7IKAv66FS&pid=News","CNN","2024-08-24","negative"
"Russia launches deadly overnight aerial attack on cities and power grids across Ukraine","Russian forces launched a barrage of drone and missile attacks across Ukraine overnight, killing at least three people, as Ukrainian officials reported power outages in several cities.","World","https://www.cnn.com/2024/08/26/europe/ukraine-russia-air-attacks-intl-hnk/index.html","https://www.bing.com/th?id=OVFT.3I2wE3GJtTSS6CY55u1lGi&pid=News","CNN","2024-08-26","negative"
"The latest on the 2024 presidential race","Vice President Kamala Harris is forging ahead as the Democratic nominee after the DNC, while Donald Trump earned a high-profile endorsement. Follow for live updates.","Politics","https://www.cnn.com/politics/live-news/trump-harris-election-08-24-24/index.html","https://www.bing.com/th?id=OVFT.C4qELwA6J5tahYxgB8C2Li&pid=News","CNN","2024-08-24","neutral"
"The Latest: RFK Jr. suspends his campaign and backs Trump","By The Associated Press Vice President Kamala Harris accepted her party’s nomination and offered her policy agenda on the fourth and final night of the Democratic National Convention on","Politics","https://www.denverpost.com/2024/08/23/the-latest-rfk-jr-suspends-his-campaign-and-backs-trump/","https://www.bing.com/th?id=OVFT.HiBx17Q2d2M0rLIEeQHwyS&pid=News","The Denver Post","2024-08-23","positive"
"The Latest: The real test for Harris’ campaign begins in the presidential race against Trump","Democratic presidential nominee Vice President Kamala Harris waves during the Democratic National Convention Thursday, Aug. 22, 2024, in Chicago.(Gabrielle Lurie/San Francisco Chronicle via AP) Republican presidential nominee former President Donald Trump ...","Politics","https://www.denverpost.com/2024/08/23/the-latest-the-real-test-for-harris-campaign-begins-in-the-presidential-race-against-trump/","https://www.bing.com/th?id=OVFT.HiBx17Q2d2M0rLIEeQHwyS&pid=News","The Denver Post","2024-08-23","neutral"
"Flu and COVID-19 are once again colliding this fall. Here's what to know.","The Food and Drug Administration officially approved the latest COVID-19 vaccines for distribution this week. They are expected sometime in September.","Health","https://www.dispatch.com/story/news/healthcare/2024/08/24/flu-and-covid-19-will-once-again-collide-this-fall-what-to-know/74908202007/","https://www.bing.com/th?id=OVFT.MItB3KfERZCR1GPZtInlxy&pid=News","Columbus Dispatch","2024-08-24","neutral"
"MOVIES WAY BACK WHEN – An Authentic Stagecoach on the Screen","Shortly after the “Flying A” folks moved to Santa Barbara in 1912, they were able to use the old Lompoc stagecoach in their films. One of the first films that the studio created here was “The Jack of Diamonds.","Entertainment","https://www.edhat.com/news/movies-way-back-when-an-authentic-stagecoach-on-the-screen/","https://www.bing.com/th?id=OVFT.pUUR03u_HS_luPNu00mWYS&pid=News","Edhat","2024-08-24","neutral"
"15 Movies To Watch On Tubi UK","The UK now gets an opportunity to ride the Tubi rollercoaster and we give you 15 gems to watch from underrated, undiscovered and forgotten, to enjoyably bad… Without a huge deal of fanfare, Tubi opened its doors in the UK recently to try and capture the kind of audience pull it’s managed over in the","Entertainment","https://www.flickeringmyth.com/15-movies-to-watch-on-tubi-uk/","https://www.bing.com/th?id=OVFT.TxYiNpKctS4UeQiWL4q_KS&pid=News","Flickeringmyth","2024-08-24","negative"
"Apple iPhone 16 Pro: New Design Echoed In Latest Leak","There’s a different design element coming to the Pro iPhones this fall: a new color that has just been named and shown in a new leak.","ScienceAndTechnology","https://www.forbes.com/sites/davidphelan/2024/08/23/apple-iphone-16-pro-new-design-echoed-in-latest-leak/","https://www.bing.com/th?id=OVFT.PhbESIuVEGAsgCGalBu3aS&pid=News","Forbes","2024-08-23","neutral"
"Apple iPhone 16 Pro: New Design Echoed In Latest Leak","There’s a different design element coming to the Pro iPhones this fall: a new color that has just been named and shown in a new leak.","ScienceAndTechnology","https://www.forbes.com/sites/davidphelan/2024/08/24/apple-iphone-16-pro-new-design-echoed-in-latest-leak/","https://www.bing.com/th?id=OVFT.PhbESIuVEGAsgCGalBu3aS&pid=News","Forbes","2024-08-24","neutral"
"Apple iPhone 16 Release Date: New Report Hones In On Precise Date","The iPhone 16 series release date is nearly here. And an industry heavyweight has just claimed to know the exact date it’ll be revealed.","ScienceAndTechnology","https://www.forbes.com/sites/davidphelan/2024/08/24/apple-iphone-16-release-date-new-report-hones-in-on-precise-date/","https://www.bing.com/th?id=OVFT.jZRDBdCqX1uLfQXaYalLFi&pid=News","Forbes","2024-08-24","neutral"
"Apple iPhone 16 Release Date: New Report Hones In On Precise Date","And the latest report seems to confirm the date of that. Or does it? I have questions. The iPhone 15 is about to be replaced by the iPhone 16. But when, exactly? I’ve written already that I’m convinced the iPhone 16, iPhone 16 Plus, iPhone 16 Pro and ...","ScienceAndTechnology","https://www.forbes.com/sites/davidphelan/2024/08/25/apple-iphone-16-release-date-new-report-hones-in-on-precise-date/","https://www.bing.com/th?id=OVFT.jZRDBdCqX1uLfQXaYalLFi&pid=News","Forbes","2024-08-25","positive"
"25 Must-Watch Movies About Animals","Explore the best animal movies featuring heartwarming tales, wild adventures, and unforgettable creatures. Perfect for animal lovers and movie enthusiasts.","Entertainment","https://www.forbes.com/sites/entertainment/article/animal-movies/","https://www.bing.com/th?id=OVFT.ArCb6KD9ysXeZOYEwhH1aC&pid=News","Forbes","2024-08-24","positive"
"25 Can’t-Miss Shakespeare Movies","Explore top films based on Shakespeare's classics. See the timeless storytelling with cinematic brilliance that brings his plays to life once again.","Entertainment","https://www.forbes.com/sites/entertainment/article/shakespeare-movies/","https://www.bing.com/th?id=OVFT.3J_Rsqf5AHv9nxfQnpVa8S&pid=News","Forbes","2024-08-24","positive"
"I knew Mike Lynch and his next idea was to get us to believe the unbelievable","The entrepreneur who died in a freak yachting disaster has been dubbed the British Bill Gates, but Jonathan Margolis, who knew him well, says he was a fascinating man obsessed with the science of prob","ScienceAndTechnology","https://www.independent.co.uk/news/uk/home-news/mike-lynch-dead-billionaire-yacht-sinks-b2599640.html","https://www.bing.com/th?id=OVFT.9eaMayGXEYBSdAnYF3qagi&pid=News","The Independent","2024-08-24","negative"
"Ben Mankiewicz Introduces New TCM Series on Political Movies from the National Mall — Watch","The Most Significant Political Films of All Time' will feature dozens of cinematic treasures, as well as special guest interviews.","Entertainment","https://www.indiewire.com/news/general-news/tcm-political-movies-series-ben-mankiewicz-1235039795/","https://www.bing.com/th?id=OVFT.-YV7bvKMPRnFOGEffu2fEi&pid=News","IndieWire","2024-08-23","neutral"
"Jackson Hole Meeting 2024 Live Updates: Fed's Powell says 'time has come' to cut interest rates","Jackson Hole Symposium Latest News: \"The upside risks to inflation have diminished. And the downside risks to employment have increased,\" Powell said in a highly anticipated speech to the Kansas City Fed's annual economic conference in Jackson Hole,","Business","https://www.moneycontrol.com/news/business/economy/jackson-hole-meeting-2024-live-updates-fed-chair-jerome-powell-speech-highlights-liveblog-12805367.html","https://www.bing.com/th?id=OVFT.p3oWHtWuRgHPm8IeT-Xv1C&pid=News","moneycontrol.com","2024-08-23","neutral"
"Foxconn infuses Rs 1,200 crore into Karnataka Unit, plans major manufacturing plant","With the latest funding, Foxconn Singapore's total investment in the Karnataka unit now stands at over Rs 13,800 crore. The state government has allocated 300 acres of land for the construction of the mobile manufacturing plant. Advisory Alert: It has come ...","Business","https://www.moneycontrol.com/news/business/foxconn-infuses-rs-1200-crore-in-karnataka-unit-12805431.html","https://www.bing.com/th?id=OVFT.yq7pzM5TdGfuWqImUPyUCC&pid=News","moneycontrol.com","2024-08-23","neutral"
"Russia-Ukraine war latest: Zelensky touts new ‘drone missile’ as Putin sends more artillery to troops in Kursk","Ukrainian president President Volodymyr Zelensky has touted a newly developed Ukrainian \"drone missile\" that he said would take the war back to Russia. As Ukraine marked 33 years of post-Soviet independence,","World","https://www.msn.com/en-gb/news/world/russia-ukraine-war-latest-zelensky-touts-new-drone-missile-as-putin-sends-more-artillery-to-troops-in-kursk/ar-BB1pZjeB","https://www.bing.com/th?id=OVFT.GOyvoRwKP0YuKxLwRY9BWC&pid=News","The Independent on MSN.com","2024-08-25","negative"
"iPhone 16 series rumoured to debut on September 10: Everything we know so far","Apple is planning to reveal its latest hardware on September 10. While there is no official notification so far, the rumours and leaks have got us covered about the upcoming iPhone 16 series.","ScienceAndTechnology","https://www.msn.com/en-in/lifestyle/shopping/iphone-16-series-rumoured-to-debut-on-september-10-everything-we-know-so-far/ar-AA1plWOf","https://www.bing.com/th?id=OVFT.oCh9Pb1eGU110hdAefhCki&pid=News","India Today on MSN.com","2024-08-24","neutral"
"Samsung's Galaxy Smart Ring may be unfixable if battery fails, suggests iFixit report","Samsung's Galaxy Ring could reportedly face repairability issues due to its design. iFixit reports that accessing internal components without damaging the device is nearly impossible, especially when the battery depletes.","ScienceAndTechnology","https://www.msn.com/en-in/lifestyle/shopping/samsungs-galaxy-smart-ring-may-be-unfixable-if-battery-fails-suggests-ifixit-report/ar-AA1pkloK","https://www.bing.com/th?id=OVFT.Y6GehoLyvAWQh9pCy_NshS&pid=News","Mint on MSN.com","2024-08-24","negative"
"iOS 18 Beta: A Cheat Sheet for Exploring the Latest iPhone Update","At Apple's Worldwide Developers Conference in June, the company said it will release iOS 18 to the general public this fall. The tech giant already released the iPhone update to developers and beta testers so they can try all the new features,","ScienceAndTechnology","https://www.msn.com/en-ph/news/technology/ios-18-beta-a-cheat-sheet-for-exploring-the-latest-iphone-update/ar-BB1qp8nH","https://www.bing.com/th?id=OVFT.V1f8jwBBIopsjwAc7uBRBS&pid=News","CNET on MSN.com","2024-08-25","neutral"
"COVID-19 vaccines are updated and ready for fall, FDA says","The updated vaccines from Pfizer and Moderna for people ages 6 months and older come amid a summer surge in COVID-19 cases across the U.S. Walgreens and CVS, two of the largest chains, previously told USA TODAY shipments of the vaccines could arrive a few days after FDA approval.","Health","https://www.msn.com/en-us/health/other/covid-19-vaccines-are-updated-and-ready-for-fall-fda-says/ar-AA1pgkhq","https://www.bing.com/th?id=OVFT.GwSBhxsJANtKKJmfSNcsZS&pid=News","USA Today on MSN.com","2024-08-22","neutral"
"Traveling to die: The latest form of medical tourism","In the 18 months after Francine Milano was diagnosed with a recurrence of the ovarian cancer she thought she’d beaten 20 years ago, she traveled twice from her home in Pennsylvania to Vermont. She went not to ski, hike, or leaf-peep, but to arrange to ...","Health","https://www.msn.com/en-us/health/other/traveling-to-die-the-latest-form-of-medical-tourism/ar-AA1piHpo","https://www.bing.com/th?id=OVFT.6BfLoJgE_HwLs7ZX9HES2S&pid=News","CNN on MSN.com","2024-08-23","neutral"
"I put the Google Pixel 9 Pro vs. iPhone 15 Pro through a 7-round face-off — here's the winner","A Google Pixel 9 Pro vs. iPhone 15 Pro face-off will be a fairly short-lived battle. After all, Apple is expected to release new iPhones next month, and the iPhone 16 Pro figures to be the device that squares off against Google's latest flagship.","ScienceAndTechnology","https://www.msn.com/en-us/lifestyle/shopping/google-pixel-9-pro-vs-iphone-15-pro-which-phone-wins/ar-AA1pilAX","https://www.bing.com/th?id=OVFT.RnOS81jMHH_i7vkkL2wTlC&pid=News","Tom's Guide on MSN.com","2024-08-23","neutral"
"Keir Starmer is about to become very dangerous","You can hardly blame the trade unions. It’s their job to fight for better wages and conditions for their members. Criticising a union for demanding pay rises is like criticising traffic wardens for issuing parking tickets: it’s what they do,","Politics","https://www.msn.com/en-us/money/markets/keir-starmer-is-about-to-become-very-dangerous/ar-AA1pjygm","https://www.bing.com/th?id=OVFT.2EeAHHBcqho3Vs5pSGeikS&pid=News","The Telegraph on MSN.com","2024-08-23","negative"
"Dice Dreams Free Rolls - Updated Daily","Get the latest Dice Dreams free rolls links, updated daily! With Dice Dream free rolls, you can keep on rolling and hit the top of the leaderboard faster than you think! In this article, we have a list of free roll links updated daily,","ScienceAndTechnology","https://www.msn.com/en-us/money/technology/dice-dreams-free-rolls-updated-daily/ar-BB1lMzuv","https://www.bing.com/th?id=OVFT.psd9A9h1_tnUUwgC1ZP05S&pid=News","Talk Android on MSN.com","2024-08-24","positive"
"And Now, a Moment of Silence for All the Alien Movies That Never Got Made","Imagine the timeline in which James Cameron returned to the franchise, Joss Whedon wrote the fifth movie, or Michael Fassbender played David again.","Entertainment","https://www.msn.com/en-us/movies/news/and-now-a-moment-of-silence-for-all-the-alien-movies-that-never-got-made/ar-AA1pmjfP","https://www.bing.com/th?id=OVFT.s5glG3Z0h2_DbaUyjHZBHC&pid=News","Vulture.com on MSN.com","2024-08-24","neutral"
"How to Watch the Marvel Movies in Chronological Order","Find out how to watch all the Marvel movies in chronological order or release order, and where the MCU Disney+ shows fit into the timeline.","Entertainment","https://www.msn.com/en-us/movies/news/how-to-watch-the-marvel-movies-in-chronological-order/ar-AA1g9TPD","https://www.bing.com/th?id=OVFT.zgrmsQNiAvGaUKfWJPQRiy&pid=News","TheWrap on MSN.com","2024-08-24","neutral"
"The 14 Best Movies and TV Shows to Watch This Weekend","Blink twice and maybe this weekend will go by quickly. Even the movie theaters are itching for next week’s four-day weekend, judging by this one’s meager offerings. But at least your at-home watch list is popping off.","Entertainment","https://www.msn.com/en-us/movies/news/the-15-best-movies-and-tv-shows-to-watch-this-weekend/ar-AA1pjUK8","https://www.bing.com/th?id=OVFT.4NLF-UNyolJ33bOCCI_-yi&pid=News","Vulture.com on MSN.com","2024-08-24","negative"
"Tim Burton isn't interested in making new superhero movies","Burton is obviously not averse to revisiting his old films in general, because he's currently promoting Beetlejuice Beetlejuice. The upcoming film is a long-in-development sequel to his original horror-comedy classic Beetlejuice, which came out a year before Batman and shared Keaton in the titular role.","Entertainment","https://www.msn.com/en-us/movies/other/tim-burton-isn-t-interested-in-making-new-superhero-movies/ar-AA1pkHmo","https://www.bing.com/th?id=OVFT.RxhvQ8VA2aL3is16I2KqHy&pid=News","Entertainment Weekly on MSN.com","2024-08-23","neutral"
"North Carolina men facing child sex charges as cyber tips lead to their arrests","Two men are facing child sex charges following cyber tips received as part of an investigation, according to the Randolph County Sheriff’s Office.","US","https://www.msn.com/en-us/news/crime/cyber-tips-lead-to-the-arrests-of-two-men-now-facing-child-sex-charges/ar-AA1pjPwt","https://www.bing.com/th?id=OVFT.vaiy4yBPVgrlwS78Oii5iy&pid=News","WXII 12 NEWS on MSN.com","2024-08-23","negative"
"Syrian man arrested over deadly knife attack in Germany; Islamic State group claims responsibility","The attack occurred Friday night during a festival commemorating the 650th anniversary of the city of Solingen.","World","https://www.msn.com/en-us/news/news/at-least-3-dead-and-6-injured-in-knife-attack-at-festival-in-germany/ar-AA1pkKRd","https://www.bing.com/th?id=OVFT.JDLz6wXzmIrJqnrqrdUfOS&pid=News","NBC News on MSN.com","2024-08-25","negative"
"Stephen A. Smith lauds Harris’s Democratic convention speech as ‘sensational’","ESPN sports commentator Stephen A. Smith weighed in on Vice President Harris’s speech at the Democratic National Convention (DNC) earlier this week, saying that she got off to a rough start","Politics","https://www.msn.com/en-us/news/other/stephen-a-smith-lauds-harris-s-democratic-convention-speech-as-sensational/ar-AA1pmwNr","https://www.bing.com/th?id=OVFT.JGbEEVBGIRXbQaMcnAkAPS&pid=News","The Hill on MSN.com","2024-08-24","neutral"
"Harris leading Trump by 7 points: Poll","Vice President Harris holds a 7-point edge over former President Trump nationally in a new poll, marking the latest gain for the Democratic presidential candidate as the general election","Politics","https://www.msn.com/en-us/news/politics/harris-leading-trump-by-7-points-poll/ar-AA1poCtz","https://www.bing.com/th?id=OVFT.WkMqsLYfOdYKrFV8hQH1MC&pid=News","The Hill on MSN.com","2024-08-25","positive"
"Trump Picked Worst Possible Spot For New Border Wall Stunt","Donald Trump boasted of building the “Rolls Royce” of walls during a visit to a segment of border barrier in Montezuma Pass, Ariz. last week. Just one problem: That segment of wall was actually built by the administration of President Barack Obama, according to the Washington Post.","US","https://www.msn.com/en-us/news/politics/trump-picked-worst-possible-spot-for-new-border-wall-stunt/ar-AA1pqHvA","https://www.bing.com/th?id=OVFT.LE-r1F2UaiZWBBWdZYUPRi&pid=News","HuffPost on MSN.com","2024-08-26","mixed"
"NASA picks SpaceX to bring home the American astronauts stuck in space. It's the latest blow to Boeing.","Two astronauts have been stuck at the International Space Station for almost three months after Boeing's Starliner spacecraft malfunctioned.","ScienceAndTechnology","https://www.msn.com/en-us/news/technology/nasa-picks-spacex-to-bring-home-the-american-astronauts-stuck-in-space-it-s-the-latest-blow-to-boeing/ar-AA1pmM4j","https://www.bing.com/th?id=OVFT.v9RG3JFWuwKyI-IYT9eNpS&pid=News","Business Insider on MSN.com","2024-08-24","negative"
"Russia-Ukraine war latest: Ex-British soldier killed in missile strike on hotel named as Zelensky pays tribute","It is launched from a ground-based platform and features a turbojet engine. China has expressed its opposition to the latest U.S. sanctions on Chinese companies over their alleged ties to Russia’s war in Ukraine, saying it would adopt necessary measures ...","World","https://www.msn.com/en-us/news/world/russia-ukraine-war-latest-ex-british-soldier-killed-in-missile-strike-on-hotel-named-as-zelensky-pays-tribute/ar-BB1pZj0a","https://www.bing.com/th?id=OVFT.wQckxwKsA3alhC1N6a7TuS&pid=News","The Independent on MSN.com","2024-08-26","negative"
"‘Smash’ exec producer just received a ‘negative’ $25 residual for the show: ‘Makes sense’","Smash” exec producer Joshua Safran isn’t exactly swimming in cash from residuals for the short-lived NBC show.","Entertainment","https://www.msn.com/en-us/tv/news/smash-exec-producer-just-received-a-negative-25-residual-for-the-show-makes-sense/ar-AA1pkJ86","https://www.bing.com/th?id=OVFT.VeqwQJLZK6A5HVw-LYPXWC&pid=News","New York Post on MSN.com","2024-08-23","neutral"
"The 13 best shows and movies to stream this weekend, from Kevin Costner's western drama to the new season of 'Pachinko'","An American Saga — Chapter 1\" to the new season of \"Pachinko,\" here's what to watch this weekend.","Entertainment","https://www.msn.com/en-us/tv/other/the-13-best-shows-and-movies-to-stream-this-weekend-from-kevin-costner-s-western-drama-to-the-new-season-of-pachinko/ar-AA1pkBVb","https://www.bing.com/th?id=OVFT.PUHr0UNGc8RZA8MXaRUB5S&pid=News","Business Insider on MSN.com","2024-08-23","neutral"
"Hurricane Hone tracker: Latest forecast as storm gradually moves away from Hawaii’s Big Island","Meanwhile, roughly 1,415 miles away from Hilo, Hurricane Gilma ramped up to a Category 4 storm late Saturday night, with maximum sustained winds of 125 mph. As of 11 a.m. ET on Sunday morning, Gilma was expected to remain a hurricane through early Tuesday, before weakening considerably through the end of the week, according to the NHC.","US","https://www.msn.com/en-us/weather/other/hurricane-hone-tracker-latest-forecast-as-storm-gradually-moves-away-from-hawaii-s-big-island/ar-AA1ppBzp","https://www.bing.com/th?id=OVFT.-JmpvN1j76RB0-oB0Wbe9y&pid=News","Yahoo on MSN.com","2024-08-25","negative"
"Why I’m (still) rooting for Jennifer Lopez to find true love","I’m not in the habit of feeling sorry for celebrities, especially ones with great hair and perfectly toned bodies and the kind of disposable incomes that enable them to drop $20 million to make a behind-the-scenes documentary about their latest album and ...","Entertainment","https://www.msnbc.com/opinion/msnbc-opinion/jennifer-lopez-ben-affleck-marriage-divorce-love-rcna168038","https://www.bing.com/th?id=OVFT.0eYEPERCv1kWxGqA1InTVC&pid=News","MSNBC","2024-08-25","negative"
"Israel and Hezbollah strikes put region on edge; Hamas official says delegation has left Cairo","Israel launched a series of intense airstrikes in southern Lebanon early Sunday in what it said was a pre-emptive strike against the Hezbollah militant group, threatening to trigger a broader regionwide war that could torpedo efforts to forge a cease-fire in Gaza.","World","https://www.nbcnews.com/news/world/live-blog/live-updates-israel-launches-strikes-hezbollah-lebanon-rcna168111","https://www.bing.com/th?id=OVFT.O_ErFq3M_dPNLOkwrVPCuS&pid=News","NBC News","2024-08-25","negative"
"DNC 2024 highlights: Kamala Harris accepts historic nomination in speech capping Democratic convention","Latest news and live updates on the final day of the DNC as Harris and Trump continue their campaign efforts ahead of the 2024 presidential election.","Politics","https://www.nbcnews.com/politics/2024-election/live-blog/dnc-presidential-election-harris-trump-live-updates-rcna165229","https://www.bing.com/th?id=OVFT.68pyA8-LHHfiuneHwnTaKC&pid=News","NBC News","2024-08-23","neutral"
"The pros and cons of a condensed campaign for Harris: From the Politics Desk","Harris emerges from her party’s four-day confab with a slight lead in most national and battleground polls — though importantly the results are in the margin of error and reflect a close race. Among the remaining challenges for her campaign: at least one debate with Trump, scheduled for Sept. 10, and a Tim Walz-JD Vance VP showdown on Oct. 1.","Politics","https://www.nbcnews.com/politics/kamala-harris-pros-cons-condensed-campaign-politics-desk-rcna168017","https://www.bing.com/th?id=OVFT.IagrAR3WTOsQZpfUh9cKwi&pid=News","NBC News","2024-08-23","negative"
"Donald Trump and JD Vance rally supporters in NC. Here’s what they said.","This is the first time that Donald Trump and JD Vance will take the stage together in battleground state North Carolina. Here’s what they’re expected to talk about.","Politics","https://www.newsobserver.com/news/politics-government/election/article291231220.html","https://www.bing.com/th?id=OVFT.Qdvd_soMgvFMmo5GmsltrC&pid=News","Raleigh News & Observer","2024-08-22","neutral"
"Harris vs. Trump: Latest presidential poll indicates small lead is exploding","Harris has a seven-point advantage over Trump — 50% to 43% — nationally, per the latest Fairleigh Dickinson University survey. The poll showed “Harris’ lead grows substantially” over questions of race and gender. From the FDU poll: “Among ...","World","https://www.nj.com/politics/2024/08/harris-vs-trump-latest-presidential-poll-indicates-small-lead-is-exploding.html","https://www.bing.com/th?id=OVFT.PcE7DzCGBYq89uTUD5rhJi&pid=News","NJ.com","2024-08-23","neutral"
"DOJ accuses real estate software company of helping landlords collude to raise rents","The lawsuit says RealPage’s algorithmic pricing software lets landlords effectively collude and set rents above market rate. The Texas-based company has denied the allegations.","Business","https://www.npr.org/2024/08/23/nx-s1-5087586/realpage-rent-lawsuit-doj-real-estate-software-landlords-justice-department-price-fixing","https://www.bing.com/th?id=OVFT.kmLmZKHtt4TZSOwp78WT0y&pid=News","NPR","2024-08-23","neutral"
"FDA approves new COVID shots amid recent surge in cases","The Food and Drug Administration on Thursday approved new COVID shots manufactured by Pfizer-BioNTech and Moderna, as “currently circulating variants” continue to contribute to a surge in the number of COVID-related hospitalizations and deaths across ...","Health","https://www.nydailynews.com/2024/08/22/fda-new-covid-vaccine-pfizer-moderna/","https://www.bing.com/th?id=OVFT.3FemskbTCrgYZ9uhhDpJii&pid=News","New York Daily News","2024-08-22","neutral"
"Why Jackson Hole Is the Fed’s Biggest Shindig","Loafers cede to cowboy boots. Attendees snack on huckleberry pastries (or swill huckleberry drinks) while discussing the latest economic papers. But if Jackson Hole is a little bit incongruous, it is also unquestionably important, an invite-only gathering ...","Politics","https://www.nytimes.com/2024/08/23/business/economy/jackson-hole-powell-speech.html","https://www.bing.com/th?id=OVFT.Sf_Fo5X7ttqxWhY_Ayixyi&pid=News","The New York Times","2024-08-23","neutral"
"Can Grunting During Exercise Give You an Edge?","Creating internal pressure on your core in this way may buttress your spine and allow you to produce a little more power. The grunt, then, is like a release valve for that pressure. Dr. Sandage said that the benefits of grunting probably applied only to short bursts of exertion, such as lifting a weight or hitting a tennis ball.","Health","https://www.nytimes.com/2024/08/24/well/grunting-gym-exercise.html","https://www.bing.com/th?id=OVFT.4Bz1WkN3Q7sZ4CxmjzZdiC&pid=News","The New York Times","2024-08-24","neutral"
"Hamas Agrees to Meet With Mediators in Cairo Ahead of Cease-Fire Talks","Fighting has raged in Gaza even as the United States, Qatar and Egypt have pushed for a deal, with Israeli strikes overnight killing dozens, according to emergency responders in Gaza.","World","https://www.nytimes.com/2024/08/24/world/middleeast/israel-gaza-war.html","https://www.bing.com/th?id=OVFT.HV0ap-9VcdSMnd_Upxh61i&pid=News","The New York Times","2024-08-24","negative"
"Love Them or Hate Them, This Couple Reign in Russian Literature","For Richard Pevear and Larissa Volokhonsky, translating together extended naturally from their relationship as husband and wife. Now, it is their life’s work.","Entertainment","https://www.nytimes.com/2024/08/26/books/larissa-volokhonsky-richard-pevear.html","https://www.bing.com/th?id=OVFT.ccwgKTy04zf-1qL36gsvDy&pid=News","The New York Times","2024-08-26","neutral"
"Words Used at the Democratic and Republican National Conventions","Speakers at the Democratic convention leaned into words about liberty and patriotism, mentioning “ freedom ” 227 times compared with 67 times at the Republican convention. Words like “ woman ,” “ joy ” and “ weird ” were also used more often by Democratic speakers.","Politics","https://www.nytimes.com/interactive/2024/08/23/us/politics/rnc-dnc-words.html","https://www.bing.com/th?id=OVFT.cLT3InB3VLVT_yABu_oMti&pid=News","The New York Times","2024-08-24","neutral"
"Mega Millions numbers: Are you the lucky winner of Friday’s $535 million jackpot?","Are you tonight’s lucky winner? Grab your tickets and check your numbers. The Mega Millions lottery jackpot continues to rise after someone won the $560 million prize on June 4. Here are the winning numbers in Friday’s drawing:","ScienceAndTechnology","https://www.oregonlive.com/lottery/2024/08/mega-millions-numbers-are-you-the-lucky-winner-of-fridays-535-million-jackpot.html","https://www.bing.com/th?id=OVFT.riZK1t0c-IYQqEfB9CM0IS&pid=News","Oregonian","2024-08-24","neutral"
"Harris vs. Trump: Here’s who’s leading in the polls following Democratic National Convention","A Gallup poll released on Thursday showed Harris’ approval rating grow 13 percentage points in August to 47%, while Trump dropped five points to 41%. Among Democrats, Harris’ approval rating went up to 93%, while 41% of independents and 5% of Republicans hold positive opinions of her, according to Gallup.","Politics","https://www.oregonlive.com/politics/2024/08/harris-vs-trump-heres-whos-leading-in-the-polls-following-democratic-national-convention.html","https://www.bing.com/th?id=OVFT.eUnodl8ohtF8TK8YFQN0PC&pid=News","Oregonian","2024-08-24","neutral"
"The best movies leaving Netflix, Max, and Prime at the end of August 2024","Plenty of great movies are leaving Netflix, Prime Video, and Max this month including Bram Stoker’s Dracula, Miami Vice, Thief, and more.","Entertainment","https://www.polygon.com/recommendations/443730/best-movies-netflix-amazon-hulu-leaving-august-2024","https://www.bing.com/th?id=OVFT._pNAOv622EJhbDanehuTOi&pid=News","Polygon","2024-08-24","neutral"
"Gaza ceasefire talks resume in Cairo, with no sign of progress","Hamas said its negotiators arrived in Cairo on Saturday to hear about the latest round of Gaza ceasefire and hostage talks from mediators after the U.N. reported badly worsening humanitarian conditions,","World","https://www.reuters.com/world/middle-east/hamas-negotiators-cairo-gaza-conditions-worsen-under-israeli-campaign-2024-08-24/","https://www.bing.com/th?id=OVFT.1dFjUIvjMkkgEbXDcu1QWC&pid=News","Reuters","2024-08-24","negative"
"10 best True Crime shows to watch in 2024","One genre that doesn't seem to go out of fashion remains true crime. These shows are based on real-life crimes recreated on screen. In 2024, a spate of true-crime shows have been in the news.","Entertainment","https://www.soapcentral.com/shows/10-best-true-crime-shows-watch-2024","https://www.bing.com/th?id=OVFT.Az5Tm06eWeK2oQBOdho69C&pid=News","soapcentral","2024-08-24","negative"
"'Ohio' Is Gen Z's Latest Slang—And It Has Nothing to Do with JD Vance","Gen Z’s slang term “Ohio,” now trending on social media, means “weird or absurd.” It’s unrelated to Ohio Senator JD Vance or the state itself. Used on platforms like TikTok, X, and Instagram, it describes strange or chaotic events.","Politics","https://www.timesnownews.com/world/us/us-news/ohio-is-gen-zs-latest-slangand-it-has-nothing-to-do-with-jd-vance-article-112752699","https://www.bing.com/th?id=OVFT.6lkaGWRV6YpoDzyNx4UORi&pid=News","timesnownews","2024-08-24","neutral"
"5 things Apple Watch 10 can learn from Pixel Watch 3","Here are five lessons the Cupertino Kid can learn from Google's launch of the Pixel Watch 3 — which I've just started testing but already seems destined for inclusion in our best smartwatches guide — to ensure the Apple Watch 10 is a straight-up banger.","ScienceAndTechnology","https://www.tomsguide.com/wellness/smartwatches/5-things-apple-watch-10-can-learn-from-pixel-watch-3","https://www.bing.com/th?id=OVFT.V618D_dkWH1Zbs_kqpIZKS&pid=News","Tom's Guide","2024-08-24","neutral"
"Criterion is streaming movies 24/7. I stayed up all night to see them.","The films were from Hollywood and abroad, scripted and unscripted, good, great or unwatchable — and I watched them anyway.","Entertainment","https://www.washingtonpost.com/entertainment/2024/08/24/criterion-24-livestream-movies/","https://www.bing.com/th?id=OVFT.Kc9wMcJC2RofkQTInszHzS&pid=News","The Washington Post","2024-08-24","neutral"
"FDA Approves New Covid Vaccines Amid Summer Surge","Amidst a summer surge of Covid-19 infections, the US Food and Drug Administration just approved updated mRNA vaccines that more closely target the currently circulating variants of the coronavirus. The updated vaccines,","Health","https://www.wired.com/story/new-updated-covid-vaccines-announcement-2024/","https://www.bing.com/th?id=OVFT.bGRTOUHFmpWkixDP3t7Uky&pid=News","Wired","2024-08-22","neutral"
"3 underrated movies you need to watch in September 2024","From a graphic body horror chiller to a twisty sci-fi film, these three great September 2024 movies deserve to be watched on the big screen.","Entertainment","https://www.yahoo.com/entertainment/3-underrated-movies-watch-september-130018933.html","https://www.bing.com/th?id=OVFT.LaWXy8nHmBYBS8Z7Ag0D9y&pid=News","Yahoo","2024-08-24","positive"
"The latest info on public transportation ahead of Typhoon Shanshan","Typhoon Shanshan is expected to approach Japan from Tuesday while maintaining its strength. Public transportation operators are warning of possible delays and suspension of services and are urging people to check the latest information.","World","https://www3.nhk.or.jp/nhkworld/en/news/backstories/3525/","https://www.bing.com/th?id=OVFT.107Kq3iyGZN_gsQ9IOSacS&pid=News","NHK","2024-08-26","negative"
"Rory McIlroy chucks driver into pond in frustrating scene at BMW Championship","The Northern Irishman, upset with his tee shot on the 17th hole at Colorado’s Castle Pines Golf Club in the second round of the BMW Championship, tossed his driver into the water. “Obviously not happy with that one,” one of the Golf Channel analysts opined. “You don’t see him lose his poise too often,” another retorted.","Sports","https://nypost.com/2024/08/23/sports/rory-mcilroy-chucks-driver-into-pond-in-frustrating-scene/","https://www.bing.com/th?id=OVFT.SXc-hcKb4-MIwIfesnS0_S&pid=News","New York Post","2024-08-23","negative"
"'How?!?': Rory McIlroy tosses 3-wood into water; Scottie Scheffler angry after hitting over green","Maybe it's the elevation, maybe it's what's on the line, but there was some frustration displayed Friday at the BMW Championship.","Sports","https://sports.yahoo.com/rory-mcilroy-tosses-3-wood-203508918.html","https://www.bing.com/th?id=OVFT.142UGqZ9H3Euopie5UE1VC&pid=News","Yahoo! Sports","2024-08-23","negative"
"Thrills, chills and bigger than ever conferences: what to expect from this season of college football","Welcome to the 2024 college football season, where everyone makes the playoffs! Well, not everyone, but, for the first time, 12 schools will be playing in college’s postseason and this is how it will work.","Sports","https://www.cnn.com/2024/08/24/sport/college-football-season-ncaa-preview-spt/index.html","https://www.bing.com/th?id=OVFT.1Yiyv0kKahe-RfgnTlC7Cy&pid=News","CNN","2024-08-24","positive"
"Rangers vs Ross County LIVE score and goal updates from Premiership clash at Hampden","Ridvan Yilmaz remains out and Jefte will continue his left sided role. However, it may well take the versatility of Ross McCausland in front of him to fill the left wing role with Rabbio Matondo being linked with a move out of Ibrox to Blackburn Rovers while Scott Wright is also a doubt with a muscle issue.","Sports","https://www.dailyrecord.co.uk/sport/football/football-news/rangers-vs-ross-county-live-33531095","https://www.bing.com/th?id=OVFT.yqrU-_gVRu1_9m5wpK9GuS&pid=News","Daily Record","2024-08-24","negative"
"AFL 2024: Emotional Dustin Martin in tears leaving MCG for last time, Richmond Tigers loss to Gold Coast Suns, latest news","A teary-eyed Dustin Martin has gone down the MCG players’ race for the final time on Saturday, to the rapturous cheers of the Richmond faithful. Martin granted an interview with former Richmond triple premiership teammate Jack Riewoldt after the Tigers’ Round 24 loss to Gold Coast, revealing his all-time favourite career moment.","Sports","https://www.foxsports.com.au/afl/afl-2024-emotional-dustin-martin-in-tears-leaving-mcg-for-last-time-richmond-tigers-loss-to-gold-coast-suns-latest-news/news-story/6f7b151540824e67ab8cc4a62be53d6d","https://www.bing.com/th?id=OVFT.hYB0kMSd9LhFPaZYH7TqAy&pid=News","Fox Sports","2024-08-24","positive"
"Liverpool transfer news LIVE - Anthony Gordon response, Martin Zubimendi latest, Brentford build-up","They are also being linked with plenty of names around Europe following the failure to lure Martin Zubimendi to Anfield. The latest reports have suggested that Teun Koopmeiners and Piero Hincapie are players they admire. Also in the time that remains ...","Sports","https://www.liverpoolecho.co.uk/sport/football/transfer-news/liverpool-transfer-news-live-alisson-29806426","https://www.bing.com/th?id=OVFT.fZMYkIbdLKGivf27LCAaVi&pid=News","Liverpool Echo","2024-08-25","negative"
"Real Madrid's latest devasting blow to start the season as a team leader will be out for a while","This was an unpleasant surprise for Real Madrid and the whole world, as English midfielder Jude Bellingham suffered an injury during Friday's training session and is a doubt for Re","Sports","https://www.marca.com/en/football/real-madrid/2024/08/24/66c9093246163f84558b45cb.html","https://www.bing.com/th?id=OVFT.EbGt-JiLmWt4wkfy5oFhtC&pid=News","MARCA","2024-08-23","negative"
"Mikel Merino price-tag warning as Paul Merson says what he expects to happen at Arsenal","Arsenal-bound Mikel Merino should not expect to slide straight into Mikel Arteta's starting XI, as Paul Merson warns what Gunners supporters can expect to happen with the midfielder","Sports","https://www.mirror.co.uk/sport/football/transfer-news/arsenal-transfer-merson-mikel-merino-33531960","https://www.bing.com/th?id=OVFT.hdCCXEsus6KIk9xsB3XMxS&pid=News","The Mirror","2024-08-24","negative"
"Arsenal 'make 10 enquiries for wide players' as Mikel Arteta hunts dream late deal","We need to have an MRI scan to see, but he wasn’t available for the game.” Jesus’ latest injury and history on the treatment table could yet affect the immediate future of Eddie Nketiah, who looks to be edging closer to a move to Nottingham Forest ...","Sports","https://www.mirror.co.uk/sport/football/transfer-news/arsenal-transfer-news-arteta-williams-33534738","https://www.bing.com/th?id=OVFT.o3kZPOybInhY4kOQn8ZiWS&pid=News","The Mirror","2024-08-25","negative"
"Taking a deep dive into Ohtani's historic 40-40 feat","Shohei Ohtani never ceases to amaze. In a season where he unfortunately is unable to pitch as he recovers from elbow surgery, he found yet another way to be outstanding – becoming the sixth player in MLB history with at least 40 homers and 40 stolen bases in a season.","Sports","https://www.mlb.com/dodgers/news/shohei-ohtani-facts-and-figures-40-homers-40-stolen-bases","https://www.bing.com/th?id=OVFT.AFlS9mjz9sEH8_cV3sKV4y&pid=News","MLB","2024-08-24","negative"
"The MVP races may be tighter than you think","With approximately 80% of the 2024 season in the books, we have a pretty good idea of how the major award races are going to shape up. Both Cy Youngs have seemingly clear leaders, with lefties Chris Sale (NL) and Tarik Skubal (AL) the obvious front-runners in each league.","Sports","https://www.mlb.com/mets/news/how-tight-are-the-2024-al-nl-mvp-races","https://www.bing.com/th?id=OVFT.qLNzBfkJr8hQlxu5XXssTS&pid=News","MLB","2024-08-24","positive"
"Unstoppable Judge on pace for 63 with 50th, 51st homers","Aaron Judge had to be nudged out of the dugout to accept a curtain call from the Yankee Stadium faithful, and it was one that was well-deserved. The Yankees captain’s climb toward history reached another significant checkpoint on Sunday,","Sports","https://www.mlb.com/news/aaron-judge-hits-50th-homer-of-2024","https://www.bing.com/th?id=OVFT.3huCq9Fn_0WyV1ngl8D0tS&pid=News","MLB","2024-08-25","negative"
"Noot comes up clutch in 9th inning after Twins' error","The Cardinals took advantage of a huge gift in the ninth inning on Sunday and rallied to defeat the Twins, 3-2, at Target Field. Trailing 2-1 entering the ninth, the Cards were facing Twins closer Jhoan Duran (6-7).","Sports","https://www.mlb.com/news/lars-nootbaar-cardinals-win-series-vs-twins","https://www.bing.com/th?id=OVFT.xWEz3y5dV7AtIYP3WTQ5kS&pid=News","MLB","2024-08-25","positive"
"Make NFL football office pool picks at CBS Sports, plus compete for guaranteed prizes during the 2024 season","Football fans love to show off their knowledge of the NFL, and one of the most popular ways to do so is by making NFL office pool picks. Creating an NFL office pool strategy requires more than just figuring out which teams are most likely to win each week,","Sports","https://www.msn.com/en-ph/sports/nfl/make-nfl-football-office-pool-picks-at-cbs-sports-plus-compete-for-guaranteed-prizes-during-the-2024-season/ar-AA1p4t7e","https://www.bing.com/th?id=OVFT.osC1UNZ3teOqj3hJBbRMtC&pid=News","CBS Sports on MSN.com","2024-08-23","positive"
"Eagles' Jalen Hurts can accomplish an NFL first in 2024","After a disappointing 2023 for the Philadelphia Eagles, quarterback Jalen Hurts shouldn't need more motivation to perform better this season. But, if he does, perhaps a date with history will do the trick.","Sports","https://www.msn.com/en-us/sports/nfl/eagles-jalen-hurts-can-accomplish-an-nfl-first-in-2024/ar-AA1pkQT6","https://www.bing.com/th?id=OVFT.-a0yPU7RrNsMQqL042qPiS&pid=News","Yardbarker on MSN.com","2024-08-23","negative"
"Chennedy Carter clobbers ex-Sky teammate Marina Mabrey in flagrant foul","Chennedy Carter’s latest flagrant foul came on an opponent who was her teammate with the Chicago Sky until last month.","Sports","https://www.msn.com/en-us/sports/other/chennedy-carter-clobbers-ex-sky-teammate-marina-mabrey-in-flagrant-foul/ar-AA1pmqQr","https://www.bing.com/th?id=OVFT.QTSnkNz5X0X8T4uncl2OlC&pid=News","New York Post on MSN.com","2024-08-24","negative"
"Here’s the difference between Zay Jones and Rashee Rice","In the wake of the announcement that Cardinals receiver Zay Jones will miss five games for violating the Personal Conduct Policy after a domestic violence incident last year, some have asked why Jones will be banished to start the season,","Sports","https://www.msn.com/en-us/sports/other/here-s-the-difference-between-zay-jones-and-rashee-rice/ar-AA1pl7My","https://www.bing.com/th?id=OVFT.H7SEo4B6_3VA0xqWF1uZLy&pid=News","NBC Sports on MSN.com","2024-08-24","negative"
"Xi’an Grand Prix snooker final LIVE RESULTS: Kyren Wilson BEATS Judd Trump to claim title after thrilling final","WE are down to the final two of the Xi’an Grand Prix – and it has been a thrilling tournament so far. Kyren Wilson secured his spot in the final after dumping Ronnie O’Sullivan","Sports","https://www.thesun.co.uk/sport/30001618/xian-grand-prix-snooker-live-results-judd-trump-snooker-updates/","https://www.bing.com/th?id=OVFT.6hFi-Zk-aNhGXQfUo15eGC&pid=News","The Sun","2024-08-25","positive"
"Steelers' Mike Tomlin Reveals Timeline for Russell Wilson, Justin Fields QB1 Decision","Pittsburgh Steelers head coach Mike Tomlin will make a decision on whether Russell Wilson or Justin Fields will be the team's starting quarterback by the","Sports","https://bleacherreport.com/articles/10132973-steelers-mike-tomlin-reveals-timeline-for-russell-wilson-justin-fields-qb1-decision","https://www.bing.com/th?id=OVFT.XcBkE7jhSzyQ2GQ6NGHH_C&pid=News","Bleacher Report","2024-08-25","neutral"
"MLB Umpire Carted Off Field After Being Injured by Broken Bat from Yankees' Stanton","An MLB umpire had to be carted off during the New York Yankees matchup with the Colorado Rockies on Sunday after an unfortunate situation. As","Sports","https://bleacherreport.com/articles/10133064-mlb-umpire-carted-off-field-after-being-injured-by-broken-bat-from-yankees-stanton","https://www.bing.com/th?id=OVFT.tjKGf7nEK1_7RI7IpqgL2i&pid=News","Bleacher Report","2024-08-25","neutral"
"49ers' Ricky Pearsall to Return from Shoulder Injury amid Brandon Aiyuk Rumors","A key offensive rookie for the San Francisco 49ers will reportedly be back on the field on Monday. Per NFL Network's Ian Rapoport, wide receiver","Sports","https://bleacherreport.com/articles/10133082-49ers-ricky-pearsall-to-return-from-shoulder-injury-amid-brandon-aiyuk-rumors","https://www.bing.com/th?id=OVFT.LdwMTxPVmSdymN363SPUNC&pid=News","Bleacher Report","2024-08-26","neutral"
"Pittsburgh Pirates vs. Cincinnati Reds live stream, TV channel, start time, odds | August 23","The Cincinnati Reds and Spencer Steer take the field in the second game of a four-game series against Joey Bart and the Pittsburgh Pirates, on Friday at PNC Park.The Pirates have hit the","Sports","https://ftw.usatoday.com/article/pittsburgh-pirates-vs-cincinnati-reds-live-stream-tv-channel-start-time-odds-august-23","https://www.bing.com/th?id=OVFT.VyvVK1yX4zm3SYVEZrm3Ni&pid=News","USA Today","2024-08-23","neutral"
"Breer details Pats' behind-the-scenes issues with Judon before trade","There was more to the Patriots' decision to trade Matthew Judon than just a contract dispute, according to Sports Illustrated's Albert Breer.","Sports","https://sports.yahoo.com/breer-details-pats-behind-scenes-165425727.html?fr=sycsrp_catchall","https://www.bing.com/th?id=OVFT.jlQisqRSBLJ3hsDpRD4yeC&pid=News","Yahoo! Sports","2024-08-23","neutral"
"'If Textor can get this over the line, I think we just have to back him'","\"I think we just want this to be resolved one way or another, for the football club to move on with the new stadium opening up next season, with all of the financial constraints we are under, with all the PSR calculations and everything from last season.","Sports","https://www.bbc.co.uk/sport/football/articles/cp8nj22dgv5o","https://www.bing.com/th?id=OVFT.iHHJXiJXku17AcVt4vwlES&pid=News","BBC","2024-08-23","neutral"
"O'Neil on transfer latest, team news and Chelsea","Wolves boss Gary O'Neil has been speaking to the media before Sunday's Premier League game against Chelsea (kick-off 14:00 BST). Here are the key lines from his news conference: O'Neil stressed that the transfer window is more about finding players that ...","Sports","https://www.bbc.co.uk/sport/football/articles/cx290ll3nx5o","https://www.bing.com/th?id=OVFT.jV5Hw83Ehz8EYCmOlWX7sS&pid=News","BBC","2024-08-23","neutral"
"Fantasy football 2024 rankings, draft prep: QB, RB, WR, TE picks, cheat sheets, ADP, tiers, by NFL model","Fantasy football draft prep is in full swing and owners are setting their 2024 Fantasy football rankings with all the latest NFL news factored in. Tyreek Hill (thumb) and Puka Nacua (knee) and Jahmyr Gibbs (hamstring) are some of the players managing 2024 ...","Sports","https://www.cbssports.com/fantasy/football/news/fantasy-football-2024-rankings-draft-prep-qb-rb-wr-te-picks-cheat-sheets-adp-tiers-by-nfl-model/","https://www.bing.com/th?id=OVFT.g37s5Hdf8_XqE0BfyKvcdC&pid=News","CBSSports.com","2024-08-25","neutral"
"Blue Jays' Bassitt helps Francis deflect critics with sign","After Taylor Ward pf the Los Angeles Angels offered a critical take on Toronto Blue Jays right-hander Bowden Francis' latest strong start, fellow starter Chris Bassitt made sure he had his teammate's back,","Sports","https://www.espn.com/mlb/story/_/id/40991757/blue-jays-bassitt-helps-francis-deflect-critics-sign","https://www.bing.com/th?id=OVFT.8UtYZOPYPTtRw9erSsT4AS&pid=News","ESPN","2024-08-25","neutral"
"Arsenal transfer news LIVE Mikel Merino agreement, Victor Osimhen chance, Ramsdale exit","Arsenal transfer news with the latest on Mikel Merino, Mikel Arteta, Ademola Lookman, Victor Osimhen, Nico Williams and Eddie Nketiah ahead of Friday's deadline","Sports","https://www.football.london/arsenal-fc/transfer-news/arsenal-transfer-news-live-mikel-29810206","https://www.bing.com/th?id=OVFT.1snX2HFrpU_H1-vZMuftAi&pid=News","football","2024-08-26","neutral"
"Mason Greenwood ‘to turn back on England’ after ‘approach’ to reunite with ex-Man Utd coach","The Jamaican Football Federation have reportedly been successful in their latest approach to one-cap England forward Mason Greenwood. Greenwood has not played for England since achieving his only cap against Iceland in the Nations League in September 2020.","Sports","https://www.football365.com/news/mason-greenwood-turn-back-on-england-approach-reunite-ex-man-utd-coach-mcclaren-jamaica","https://www.bing.com/th?id=OVFT.6zsPVKhkEUq1z8x_tLqJIy&pid=News","Football365","2024-08-23","neutral"
"Pirates to induct seven-time MLB MVP Barry Bonds into franchise Hall of Fame","The Pittsburgh Pirates announced that they'll induct former seven-time MLB MVP Barry Bonds into their Hall of Fame on Aug. 24.","Sports","https://www.foxnews.com/sports/pittsburgh-pirates-induct-barry-bonds-franchise-hall-fame-august-24","https://www.bing.com/th?id=OVFT.avsrlcPWsFzbmNVVuErbky&pid=News","Fox News","2024-08-23","neutral"
"Live AFL scores 2024, Western Bulldogs vs GWS Giants, Round 24: Updates, stats, blog, start time, teams, live ladder, finals scenarios, latest news","The match gets underway at 12:30pm from Mars Stadium. Watch it live on Fox Footy (channel 504), streaming on Kayo and via Hubbl from 12pm. Follow Western Bulldogs v GWS in our live blog below!","Sports","https://www.foxsports.com.au/afl/live-afl-scores-2024-western-bulldogs-vs-gws-giants-round-24-updates-stats-blog-start-time-teams-live-ladder-finals-scenarios-latest-news/news-story/2dc34aee374969b21f86ae1e1abbd765","https://www.bing.com/th?id=OVFT.cTpUcckpKGTxFjcJqTiW_C&pid=News","Fox Sports","2024-08-25","neutral"
"Phillies vs. Royals Prediction, Odds, Picks - August 23","Preview the August 23 matchup between the Philadelphia Phillies and Kansas City Royals with odds over/under, game spread, betting lines and more.","Sports","https://www.foxsports.com/articles/mlb/phillies-vs-royals-prediction-odds-picks-august-23","https://www.bing.com/th?id=OVFT.fRO8aozKyho4S8XcPy6G3S&pid=News","Fox Sports","2024-08-23","neutral"
"Everton transfers news LIVE - Neal Maupay wanted, Jarrad Branthwaite latest, Paddy Power","Part of the reason for that tentative outlook is the continuing off-field situation, with US businessman John Textor now the latest frontrunner in the two year-plus effort by Farhad Moshiri to find investment in the club - or a new owner altogether.","Sports","https://www.liverpoolecho.co.uk/sport/football/football-news/everton-transfer-news-live-branthwaite-29807128","https://www.bing.com/th?id=OVFT.WbwThbyzqOwO0e5mOQ4mgC&pid=News","Liverpool Echo","2024-08-25","neutral"
"Man United transfer news RECAP Manuel Ugarte move close amid Sekou Kone agreement","Keep across all the latest Manchester United transfer news in the Manchester Evening News' dedicated live blog","Sports","https://www.manchestereveningnews.co.uk/sport/football/transfer-news/man-united-transfer-news-live-29786474","https://www.bing.com/th?id=OVFT.LU8XKUulMg1Vz6nDaDMXoy&pid=News","Manchester Evening News","2024-08-23","neutral"
"Man United transfer news LIVE - Manuel Ugarte medical, Sancho exit issue, bid 'rejected'","The Englishman is in talks to leave United this summer, with Juventus the latest club expressing their interest in him. There will seemingly be other outgoings as well. Ten Hag also spoke about Manuel Ugarte possibly (and now expectedly) arriving.","Sports","https://www.manchestereveningnews.co.uk/sport/football/transfer-news/man-united-transfer-news-live-29806523","https://www.bing.com/th?id=OVFT.Oxoaf4ENvtFZrF8zIUn8YC&pid=News","Manchester Evening News","2024-08-25","neutral"
"Man United transfer news LIVE Jadon Sancho swap, Manuel Ugarte medical, McTominay 'agreement'","Having signed four players - Joshua Zirkzee, Leny Yoro, Matthijs de Ligt and Noussair Mazraoui - United have already spent over £150million in transfers but that amount is expected to rise in the coming days. It's reported that the club are closing in on a deal to sign Manuel Ugarte from Paris Saint-Germain.","Sports","https://www.manchestereveningnews.co.uk/sport/football/transfer-news/man-united-transfer-news-live-29810286","https://www.bing.com/th?id=OVFT.9ZGCYcwnZf4_TcsKyKjEGC&pid=News","Manchester Evening News","2024-08-26","neutral"
"Manuel Ugarte to Manchester United 'enters final stages' as transfer complication emerges","All the latest Manchester United transfer rumours and headlines with updates on Antony, Manuel Ugarte and Jadon Sancho","Sports","https://www.manchestereveningnews.co.uk/sport/football/transfer-news/manuel-ugarte-manchester-united-enters-29805432","https://www.bing.com/th?id=OVFT.mbt68l5epg82Lla9mHNDAy&pid=News","Manchester Evening News","2024-08-25","neutral"
"Three Chelsea players Manchester United could take in Jadon Sancho swap transfer","The latest Man United transfer news as Chelsea are said to be showing an interest in Sancho in the final days of the window with a swap deal said to be a possibility.","Sports","https://www.manchestereveningnews.co.uk/sport/football/transfer-news/three-chelsea-players-manchester-united-29810832","https://www.bing.com/th?id=OVFT.bo_4PS0-sr_e1Tc4a_XbTi&pid=News","Manchester Evening News","2024-08-26","neutral"
"Transfer news LIVE: Juventus open Sancho talks, Merino jets in for Arsenal medical, Man Utd's Ugarte boost","Man Utd continue their efforts to sign Manuel Ugarte, Arsenal look to complete the transfer of Mikel Merino and Ilkay Gundogan is set to return to Manchester City as the window heats up","Sports","https://www.mirror.co.uk/sport/football/transfer-news/transfer-news-live-manutd-liverpool-33515061","https://www.bing.com/th?id=OVFT.AdBKyVAQhejlk_DQAXffxC&pid=News","The Mirror","2024-08-23","neutral"
"Maddux's artistry unpacked in new MLB Network doc","MLB hitters longed to get inside the mind of Greg Maddux as he left them flummoxed and pitched his way to a dominant Hall of Fame career. Now, 16 years after Maddux last toed the rubber, a new documen","Sports","https://www.mlb.com/cubs/news/greg-maddux-documentary-mlb-network","https://www.bing.com/th?id=OVFT.Eqn_d_TBx35l0uFg2U194S&pid=News","MLB","2024-08-22","neutral"
"'Shut us up' - Martin Zubimendi speaks out on Liverpool 'target' after transfer talk","Kubo has been linked with a move to Liverpool this summer, as well as in previous years, and was surprisingly left on the bench for his side's latest La Liga encounter, fuelling talk over his future. The 23-year-old winger came on with ten minutes ...","Sports","https://www.msn.com/en-gb/sport/football/shut-us-up-martin-zubimendi-speaks-out-on-liverpool-target-after-transfer-talk/ar-AA1pqi4A","https://www.bing.com/th?id=OVFT.zf1ts2g_golAjgefIIXYXS&pid=News","Liverpool Echo on MSN.com","2024-08-26","neutral"
"Tottenham predicted line-up vs Everton: two key changes made as £30m man gets first minutes","Use precise geolocation data and actively scan device characteristics for identification. This is done to store and access information on a device and to provide personalised ads and content, ad and content measurement, audience insights and product development. List of Partners (vendors)","Sports","https://www.msn.com/en-gb/sport/football/tottenham-predicted-line-up-vs-everton-two-key-changes-made-as-30m-man-gets-first-minutes/ar-AA1pjmM6","https://www.bing.com/th?id=OVFT.NMiAmU630fGDE1q7gmVAWi&pid=News","3 Added Minutes on MSN.com","2024-08-23","neutral"
"2024 Dutch Grand Prix – F1 results and latest standings after the race","Here are the complete results from a tense 2024 Dutch Grand Prix at Zandvoort, which saw Lando Norris start from pole position. Lando Norris recovered from losing the lead on the opening lap of the Dutch GP to overtake and dominate Max Verstappen at ...","Sports","https://www.msn.com/en-gb/sport/other/2024-dutch-grand-prix-f1-results-and-latest-standings-after-the-race/ar-AA1poYVj","https://www.bing.com/th?id=OVFT.2Ywj1_iS0Td558YCCt351C&pid=News","Planet F1 on MSN.com","2024-08-25","neutral"
"Darius Slayton: Negative narrative around Daniel Jones doesn’t make it true","Jets cornerback Sauce Gardner went viral this week for his awkward attempt to come up with things to say about Giants quarterback Daniel Jones in the wake of Wednesday's joint practice, but Jones's teammate Darius Slayton didn't have such a hard time.","Sports","https://www.msn.com/en-us/sports/nfl/darius-slayton-negative-narrative-around-daniel-jones-doesnt-make-it-true/ar-AA1pk2qw","https://www.bing.com/th?id=OVFT.NYrlaFEiuYwazailDqRwvC&pid=News","NBC Sports on MSN.com","2024-08-23","neutral"
"NFL preseason Week 3 takeaways and 53-man roster predictions","Week 3 of the 2024 NFL preseason continued Friday as teams prepare to turn their focus to the regular season.","Sports","https://www.msn.com/en-us/sports/nfl/nfl-preseason-week-3-takeaways-on-final-roster-spots-and-position-battles/ar-AA1phGhR","https://www.bing.com/th?id=OVFT.7_TZyMu_bgn3roJlmyrGSC&pid=News","ESPN on MSN.com","2024-08-25","neutral"
"Diamond Sports drops Mavericks, but promises to broadcast 2024-25 NBA, NHL seasons","Diamond Sports said it has agreed to broadcast games for 13 NBA and nine NHL teams during the leagues' 2024-25 seasons.","Sports","https://www.nytimes.com/athletic/5720080/2024/08/23/diamond-sports-nba-nhl-broadcast-rights/","https://www.bing.com/th?id=OVFT.ZpCTr3-pkbFWH2iqdtOvYS&pid=News","The New York Times","2024-08-23","neutral"
"Transfer news live: Premier League latest updates and more","A number of clubs have been tracking Asprilla’s progress since arriving at Watford in January 2022 from Envigado, Colombia. Tottenham Hotspur winger Manor Solomon is to undergo a medical today (Saturday) ahead of a loan move to Championship side Leeds United.","Sports","https://www.nytimes.com/athletic/live-blogs/transfer-news-updates-live-latest/se5P38VIpmxP/","https://www.bing.com/th?id=OVFT.KRoLm4cjfXTNxR5jnBdG7C&pid=News","The New York Times","2024-08-25","neutral"
"Before quitting Coach Prime’s staff, former Ute says he ‘burned through’ personal contacts, met with Saudis to find NIL money","A former Utah linebacker says he “burned through all my contacts in my Mormon community\" while trying to raise money for Colorado football.","Sports","https://www.sltrib.com/sports/utah-utes/2024/08/23/former-utes-linebacker-once-went/","https://www.bing.com/th?id=OVFT.cPeaaOL1F0NOvbBDVy2toi&pid=News","The Salt Lake Tribune","2024-08-23","neutral"
"Transfer news LIVE! Arsenal want Osimhen after Merino; Ugarte to Man Utd; Sekou Kone; Chelsea, Spurs latest","Arsenal are finally closing in on their dream summer signing after a fee was agreed for Mikel Merino. The Real Sociedad midfielder is set to undergo a medical before completing a £32.6million move. The Gunners continue to be linked with Victor Osimhen, while Eddie Nketiah and Aaron Ramsdale are expected to leave.","Sports","https://www.standard.co.uk/sport/football/transfer-news-live-arsenal-fc-chelsea-man-utd-liverpool-merino-ugarte-osimhen-sterling-b1177103.html?page=7","https://www.bing.com/th?id=OVFT.9JMLIObL5NvOBvQ4R_MuGy&pid=News","London Evening Standard","2024-08-23","neutral"
"Read the full transcript of columnist Jeff Gordon's St. Louis sports chat","Bring your Cards, Blues, Mizzou, SLU and MLS questions and comments, and talk to columnist Jeff Gordon in his weekly live chat.","Sports","https://www.stltoday.com/sports/column/jeff-gordon/join-columnist-jeff-gordon-for-his-live-st-louis-sports-chat/article_bc0310f8-4a2e-11ef-8a55-53515b8b6838.html","https://www.bing.com/th?id=OVFT.y19lU5aHYrw5TFyGF5sm6C&pid=News","St. Louis Post-Dispatch","2024-08-23","neutral"
"LIVE SCORES: See latest scores for Cincinnati, NKY high school football games","On offense QB De'Angelo Birch has plenty of options at his disposal for the Vikings to be top notch once again. Antonio Hunter, Landon Miree, David Hambrick, and Teryntino Brown-Freeman all return to any offense that averaged 29.7 PPG last season and could hit the big play at any time.","Sports","https://www.wlwt.com/article/live-scores-football-cincinnati-northern-kentucky-week-1-2024/61941747","https://www.bing.com/th?id=OVFT.4zCqJW1L5oDolp4nHO8dQi&pid=News","WLWT","2024-08-23","neutral"
"Diamond Sports will continue to broadcast NHL, NBA games through upcoming season","The largest broadcaster of regional sports networks across the country will continue to televise games for more than a dozen NBA teams and nine NHL teams through the 2024-2025 season even as it moves","Sports","https://abcnews.go.com/Entertainment/wireStory/diamond-sports-continue-broadcast-nhl-nba-games-upcoming-113114046","https://www.bing.com/th?id=OVFT.Wb-imfruFGWp-0TbINtIRC&pid=News","ABC","2024-08-24","neutral"
"🎧 Post-match reaction from St Mary's","The latest episode of Goin' Home with Adam & Jo is available now on BBC Sounds - and it contains all of the post-match reaction from the Saints' loss to Nottingham Forest.","Sports","https://www.bbc.co.uk/sport/football/articles/c9wjvy8qk7zo","https://www.bing.com/th?id=OVFT.NNUEhzv_dSVo2ln6P6VX6y&pid=News","BBC","2024-08-24","neutral"
"England defence coach Jones quits after seven months","England defence coach Felix Jones has become the latest key figure to quit Steve Borthwick’s set-up. It comes after strength and conditioning guru Aled Walters left to join Ireland. It is understood Jones has a 12-month notice period in his Rugby Football Union contract.","Sports","https://www.bbc.co.uk/sport/rugby-union/articles/cx2ep48pxw7o","https://www.bing.com/th?id=OVFT.GIwEw0tse79RLlmH2w2g2i&pid=News","BBC","2024-08-24","neutral"
"Florida State vs. Georgia Tech score: Live game updates, college football scores, NCAA top 25 highlights","CBS Sports will be with you throughout the game on Saturday with live updates, highlights and analysis as Florida State battles Georgia Tech in an ACC showdown to open the 2024 season. Another year brings another wave of new faces for Florida State as Mike Norvell has once again tapped the transfer portal for instant-impact additions.","Sports","https://www.cbssports.com/college-football/news/florida-state-vs-georgia-tech-score-live-game-updates-college-football-scores-ncaa-top-25-highlights/live/","https://www.bing.com/th?id=OVFT.xbd1gu6FDeVDXi9UAaBU4S&pid=News","CBSSports.com","2024-08-24","neutral"
"Fantasy football 2024 rankings, draft prep: QB, RB, WR, TE picks, cheat sheets, tiers, ADP by an NFL model","NFL season is just two weeks away, which means fans are in the thick of their 2024 Fantasy football draft prep. Bills quarterback Josh Allen has been a mainstay in league-winning Fantasy teams in recent years,","Sports","https://www.cbssports.com/fantasy/football/news/fantasy-football-2024-rankings-draft-prep-qb-rb-wr-te-picks-cheat-sheets-tiers-adp-by-an-nfl-model/","https://www.bing.com/th?id=OVFT.d_eWczONBUVHClTMeY9SdS&pid=News","CBSSports.com","2024-08-24","neutral"
"Fantasy Football Rankings 2024: Sleepers from the NFL model that predicted Breece Hall's huge year","SportsLine simulated the NFL season 10,000 times and revealed its 2024 Fantasy football sleepers for Fantasy football 2024","Sports","https://www.cbssports.com/fantasy/football/news/fantasy-football-rankings-2024-sleepers-from-the-nfl-model-that-predicted-breece-halls-huge-year/","https://www.bing.com/th?id=OVFT.uoP7Tjq0qew6N00wwNeCLC&pid=News","CBSSports.com","2024-08-24","neutral"
"Freeport native to fulfill an athletic dream in Paris Paralympics","Para-tandem cycling allows a visually impaired rider like Chadwick, who was born blind, to compete with a non-disabled rider who steers the bike. Chadwick, in the rear seat, is referred to as the stoker, as in adding fuel or stoking a fire.","Sports","https://www.centralmaine.com/2024/08/24/freeport-native-to-fulfill-an-athletic-dream-in-paris-paralympics/","https://www.bing.com/th?id=OVFT.lcDdkMXMOrflXmXa-iPuQC&pid=News","Kennebec Journal","2024-08-24","neutral"
"Chelsea already have ideal welcome present for Victor Osimhen after transfer breakthrough","Chelsea might have paved the way to welcome Victor Osimhen to the club after appearing to negotiate an exit for one of their exiled stars. Amid a chaotic summer at Stamford Bridge, a number of high profile players have been told they can leave,","Sports","https://www.express.co.uk/sport/football/1939974/Chelsea-already-have-ideal-welcome-present-for-Victor-Osimhen-after-transfer-breakthrough","https://www.bing.com/th?id=OVFT.MaVV56I7mxesUECTJjbTuC&pid=News","Daily Express","2024-08-24","neutral"
"Royals vs. Phillies Prediction, Odds, Picks - August 24","Preview the August 24 matchup between the Kansas City Royals and Philadelphia Phillies with odds over/under, game spread, betting lines and more.","Sports","https://www.foxsports.com/articles/mlb/royals-vs-phillies-prediction-odds-picks-august-24","https://www.bing.com/th?id=OVFT.Lyftq_VaOWUz66q9QrM3uC&pid=News","Fox Sports","2024-08-24","neutral"
"Liverpool transfer news: Arne Slot defends summer strategy as another star departs Reds","Liverpool have signed just one player this summer, with Reds boss Arne Slot seeing club chiefs focus on securing exits for the younger members of his squad instead","Sports","https://www.mirror.co.uk/sport/football/transfer-news/liverpool-transfer-news-arne-slot-33529924","https://www.bing.com/th?id=OVFT.FwuSDCELRBnOBHSvYhcmhC&pid=News","The Mirror","2024-08-24","neutral"
"Derby County player ratings vs Watford as Zetterstrom makes debut and Elder shines again in defeat","Latest Derby County news as DerbyshireLive rates the players after the 2-1 defeat to Watford in the Championship at Vicarage Road","Sports","https://www.msn.com/en-gb/sport/football/derby-county-player-ratings-vs-watford-as-zetterstrom-makes-debut-and-elder-shines-again-in-defeat/ar-AA1pmIhy","https://www.bing.com/th?id=OVFT.7HWoUIESgRlUC-MPwP-bZi&pid=News","Derby Telegraph on MSN.com","2024-08-24","neutral"
"Liverpool shock £37m announcement shows truth about final days of transfer window","While time is running out for Liverpool to make new signings, history dictates that Liverpool's best work is often carried out quickly","Sports","https://www.msn.com/en-gb/sport/football/liverpool-shock-37m-announcement-shows-truth-about-final-days-of-transfer-window/ar-AA1plloR","https://www.bing.com/th?id=OVFT.Cf05tm409R03uS1YNsgTSC&pid=News","Liverpool Echo on MSN.com","2024-08-24","neutral"
"Rangers transfer latest as Kaiky Almeria plan emerges and 'confident' Clement won't put number on incomings","It comes as Clement admitted he needs to sell before he can buy. We exclusively revealed that Ben Davies is on the verge of a loan to Birmingham City with an option to buy while Rabbi Matondo is also being watched by Blackburn Rovers. Ianis Hagi and Todd Cantwell are also available for other clubs to purchase.","Sports","https://www.msn.com/en-gb/sport/football/rangers-transfer-latest-as-kaiky-almeria-plan-emerges-and-confident-clement-wont-put-number-on-incomings/ar-AA1pm2fS","https://www.bing.com/th?id=OVFT.4yreC4UoHL7rUuvilyA3ay&pid=News","Daily Record on MSN.com","2024-08-24","neutral"
"Fantasy Football Rankings 2024: NFL sleepers, breakouts, busts from model that nailed Deebo Samuel's down year","SportsLine simulated the new NFL season 10,000 times and identified 2024 Fantasy football sleepers, breakouts and busts for upcoming drafts","Sports","https://www.msn.com/en-us/sports/nfl/fantasy-football-rankings-2024-nfl-sleepers-breakouts-busts-from-model-that-nailed-deebo-samuels-off-year/ar-AA1o2Z0v","https://www.bing.com/th?id=OVFT.msKN_pdABP6slSZVNbUlUC&pid=News","CBSSports.com on MSN.com","2024-08-24","neutral"
"Sports Illustrated 2024 College Football Preseason All-American List","The 2024 college football season is finally here. After a long offseason, the sport returns in all of its glory on Saturday when aptly named Week Zero kicks the season off with four games featuring FBS opponents.","Sports","https://www.msn.com/en-us/sports/other/sports-illustrated-2024-college-football-preseason-all-american-list/ar-AA1pkeMc","https://www.bing.com/th?id=OVFT.dTLBvPqkSi2nK5DEvpuYby&pid=News","Sports Illustrated on MSN.com","2024-08-24","neutral"
"U.S. Open 2024: Defending champ Novak Djokovic suffers injury scare ahead of tournament","Djokovic, the 24-time Grand Slam champion and newly-minted Olympic gold medalist, did reportedly hit with Rune for an hour between 12-1 on Friday on a smaller court at the USTA Billie Jean King Stadium, but after the duo were due to hit again inside Ashe in front of the fans, Djokovic never appeared on court despite his tennis bags being present.","Sports","https://www.nj.com/sports/2024/08/us-open-2024-defending-champ-novak-djokovic-suffers-injury-scare-ahead-of-tournament.html","https://www.bing.com/th?id=OVFT.rG-CPrmkuEgUysBASryDay&pid=News","NJ.com","2024-08-24","neutral"
"F1 live timing: Follow the latest updates from the Dutch Grand Prix","Follow all the F1 action LIVE as Zandvoort hosts F1's return at the Dutch Grand Prix, Round 15 of the F1 2024 season.","Sports","https://www.planetf1.com/news/f1-live-timing-2024-dutch-grand-prix","https://www.bing.com/th?id=OVFT.ul1fqsvvF0uFnKFsLECyzy&pid=News","Planet F1","2024-08-24","neutral"
"What channel is Man City v Ipswich Premier League match on? TV details and kick-off time","Everything you need to know about Man City v Ipswich in the Premier League, including TV details, radio coverage and kick-off time.","Sports","https://www.radiotimes.com/tv/sport/football/man-city-ipswich-premier-league-2024-25-preview/","https://www.bing.com/th?id=OVFT.6IbIewtKYcO5Ji23ZFCVhy&pid=News","Radio Times","2024-08-24","neutral"
"What channel is Tottenham v Everton Premier League match on? TV details and kick-off time","Everything you need to know about Tottenham v Everton in the Premier League, including TV details, radio coverage and kick-off time.","Sports","https://www.radiotimes.com/tv/sport/football/tottenham-everton-premier-league-2024-25-preview/","https://www.bing.com/th?id=OVFT.E95CtRO3NM20ZxH03OcDiC&pid=News","Radio Times","2024-08-24","neutral"
"Braves vs. Nationals: Key Players to Watch, TV & Live Stream Info and Stats for August 24","What to look for from the top Atlanta Braves and Washington Nationals players and how to watch the game as they face off on Saturday.","Sports","https://www.sfgate.com/sports/watching-games/article/atlanta-braves-washington-nationals-mlb-players-to-watch-19720015.php","https://www.bing.com/th?id=OVFT.wUDsCXa4HIDKFbfyfmQ67i&pid=News","SFGate","2024-08-24","neutral"
"How to Watch Lynx vs. Fever: TV Channel and Live Stream Info for August 24","The Indiana Fever (13-15) will look to Caitlin Clark (ninth in WNBA, 17.8 points per game) to help defeat Napheesa Collier (fourth in league, 20.7) and the Minnesota Lynx (21-8) on August 24, 2024 at Target Center. This matchup will be available on NBA TV, BSNX, and BSIN.","Sports","https://www.sfgate.com/sports/watching-games/article/lynx-fever-wnba-watch-info-8-24-2024-19720298.php","https://www.bing.com/th?id=OVFT.nm2oX1B3proYm9lhjK-dCi&pid=News","SFGate","2024-08-24","neutral"
"Dee Williams’ ‘unbelievable path’ from where he came to Seahawks undrafted rookie surprise","He wanted to quit football as a high-school senior in Georgia. Now the 1st in his family of 7 to attend college has his NFL shot.","Sports","https://www.thenewstribune.com/sports/nfl/seattle-seahawks/article291261325.html","https://www.bing.com/th?id=OVFT.PdweYsRHYJzflAIZ9aEl8i&pid=News","News Tribune","2024-08-24","neutral"
"Arsenal transfer news LIVE: Gunners ‘AGREE £33m deal for Mikel Merino’, Nico Williams UPDATE, Nketiah EXIT latest","ARSENAL have reportedly agreed a £33m deal for Real Sociedad midfielder Mikel Merino. Meanwhile, Athletico Bilbao winger Nico Williams is the Gunners’ preferred target for a wide player,","Sports","https://www.thesun.co.uk/sport/29952119/arsenal-transfer-news-live-merino-williams-nketiah-updates/","https://www.bing.com/th?id=OVFT.UsAhjjzWRfYkPsDVUMYoNi&pid=News","The Sun","2024-08-24","neutral"
"Diamond Sports Group, NBA reach agreement: Grizzlies games expected to air on Bally Sports","Memphis Grizzlies games move one step closer to airing on Bally Sports for 2024-25 season after NBA, Diamond Sports Group reach agreement.","Sports","https://www.usatoday.com/story/sports/nba/grizzlies/2024/08/23/memphis-grizzlies-nba-diamond-sports-group-bally-sports-how-to-watch/74720000007/","https://www.bing.com/th?id=OVFT.BLu7q8wURl4pOGcH2TBhKC&pid=News","USA Today","2024-08-24","neutral"
